,id,sentence,comment_cut,score,ratio
0,FRINKV5zZDU,왠만해선 댓글안쓰는데 딱 한마디만 할게요 &quot;지랄을 하네 ㅅㅂ&quot;,"['왠만해', '선', '댓글', '안', '쓰는데', '딱', '한마디', '만', '할게요', 'quot', '지랄', '을', '하네', 'quot']",-1.0245434139329117,-0.48
1,FRINKV5zZDU,참.....,['참'],0.0,0.0
2,FRINKV5zZDU,ㅈㄴ영화인줄,"['영화인', '줄']",0.0,0.0
3,FRINKV5zZDU,광고넘못만들었어요...,"['광고', '넘못', '만들었어요']",-0.2561358534832279,-0.17
4,FRINKV5zZDU,머냐 이거 ㅋㅋㅋ 존나 오글,"['머냐', '이', '거', '존나', '오', '글']",0.0,0.0
5,FRINKV5zZDU,나만 이 광고 보고 영화인가..되게 특이한 스토리네. 라고 생각했냐,"['나', '만', '이', '광고', '보고', '영화', '인가', '되게', '특이한', '스토리', '네', '라고', '생각', '했냐']",-0.6176207804738144,-0.29
6,FRINKV5zZDU,옥슬아! 옥슬아! 사랑해...!,"['옥슬', '아', '옥슬', '아', '사랑', '해']",-0.25613585348322787,-0.14
7,FRINKV5zZDU,피자배달ㅋㅋㅋ안주고 뭐햌ㅋ,"['피자', '배달', '안주', '고', '뭐햌']",0.0,0.0
8,FRINKV5zZDU,네 저여기있어요!!,"['네', '저', '여기', '있어요']",0.0,0.0
9,FRINKV5zZDU,옥슬이~,"['옥슬', '이']",-0.2561358534832279,-0.2
10,FRINKV5zZDU,마케팅 드럽게못하는듯,"['마케팅', '드럽게', '못', '하는듯']",0.0,0.0
11,FRINKV5zZDU,태훈아!! 태훈아!!,"['태훈', '아', '태훈', '아']",0.0,0.0
12,FRINKV5zZDU,옥자타령이야?? 그럼 돼지고기 드시지 마세요 좀,"['옥자', '타령', '이야', '그럼', '돼지고기', '드시지', '마세요', '좀']",-1.1947566706887813,-0.63
13,FRINKV5zZDU,작은하마인줄.,"['작', '은하', '마인', '줄']",0.0,0.0
14,FRINKV5zZDU,피자배달보고 빵터진 1인,"['피자', '배달', '보고', '빵터진', '1', '인']",1.196348193897183,0.67
15,FRINKV5zZDU,옥자가 없어진 건 다 야당 때문이야,"['옥자', '가', '없어진', '건', '다', '야당', '때문', '이야']",0.47233460110289904,0.25
16,FRINKV5zZDU,옥↘자↗야↘,"['옥자', '야']",0.12116684238049136,0.09
17,FRINKV5zZDU,사울아... 사울아... 시즌3이 나온디 오래인데 번역가 당신은 도대체...,"['사울', '아', '사울', '아', '시즌', '3', '이', '나온디', '오래', '인데', '번역가', '당신', '은', '도대체']",-0.5122717069664559,-0.24
18,FRINKV5zZDU,응 안해 다른 컨텐츠 영상이나 빨리 올려줘라,"['응', '안해', '다른', '컨텐츠', '영상', '이나', '빨리', '올려줘라']",-0.7684075604496823,-0.4
19,FRINKV5zZDU,옥자가 없어진건 자유당때문이다,"['옥자', '가', '없어진건', '자유당', '때문', '이다']",1.4749168425111412,0.83
20,FRINKV5zZDU,옥자보다 베터콜사울은? 블레임은? 업데이트 안해줄거임?,"['옥자', '보다', '베터', '콜', '사울', '은', '블레임', '은', '업데이트', '안', '해줄거', '임']",0.12116684238049136,0.06
21,FRINKV5zZDU,옥자야~~~~~,"['옥자', '야']",0.12116684238049136,0.09
22,eOdMVj1mnHE,재밌어보인다... 영상미가 ㄷㄷ,"['재밌어', '보인다', '영상', '미가']",0.0,0.0
23,eOdMVj1mnHE,믿고보는스티븐연,"['믿고', '보는', '스티븐', '연']",2.139779683406897,1.34
24,eOdMVj1mnHE,"<a href=""http://www.youtube.com/watch?v=eOdMVj1mnHE&amp;t=0m31s"">0:31</a>",['031'],0.0,0.0
25,eOdMVj1mnHE,앞부분 아이디어는 참신하고 좋았는데 중반부 부터 한국 여자애 나오면서 전형적인 조선판 신파극 냄새가 확 나네.. 후...,"['앞', '부분', '아이디어', '는', '참신하고', '좋았는데', '중반', '부', '부터', '한국', '여자애', '나오면서', '전형', '적', '인', '조선', '판', '신파극', '냄새', '가', '확', '나네', '후']",0.8388960517559504,0.36
26,eOdMVj1mnHE,하마인줄 알았는데,"['하마인줄', '알았는데']",0.0,0.0
27,eOdMVj1mnHE,"예고편으로 내용은 다 봤다만, 어떻게 풀어나갈지 궁금하넹","['예고편', '으로', '내용', '은', '다', '봤다만', '어떻게', '풀어', '나갈지', '궁금하', '넹']",-0.042165536759476874,-0.02
28,eOdMVj1mnHE,뭔가.. 평범한스토리에 거대한바위 박아놓은느낌,"['뭔가', '평범한', '스토리', '에', '거대한', '바위', '박아놓은', '느낌']",-0.2561358534832279,-0.13
29,eOdMVj1mnHE,"존나게 식상해보이고 존나게 전형적인 감정팔이 한국 영화 같지만, 준호 형이라니까 믿어본다.","['존나', '게', '식상해', '보이', '고', '존나', '게', '전형', '적', '인', '감정', '팔이', '한국', '영화', '같지만', '준호', '형', '이', '라니까', '믿어', '본다']",1.3232284676276578,0.57
30,eOdMVj1mnHE,저고 저런동물이진짜만들어지면 세싱이어떡게될ㅋ가,"['저', '고', '저런', '동물', '이', '진짜', '만들어지면', '세', '싱', '이어', '떡', '게', '될가']",-0.2561358534832279,-0.12
31,eOdMVj1mnHE,"생김새만 저렇지 않을 뿐, 이미 제작되고 있음","['생김새', '만', '저렇지', '않을', '뿐', '이미', '제작', '되고', '있음']",-1.5720593665525007,-0.8
32,eOdMVj1mnHE,평가가 어찌됬든 봉준호감독이 만든건 꼭 보고싶다,"['평가', '가', '어찌', '됬든', '봉준호', '감독', '이', '만든건', '꼭', '보고싶다']",1.901265952750235,0.95
33,eOdMVj1mnHE,글레에에에에에엔!!!,"['글레에에에에에', '엔']",0.0,0.0
34,eOdMVj1mnHE,ㅋㅋㅋㅋㅋㅋㅋ 병맛인데 재밌을 것 같다,"['병맛', '인데', '재밌을', '것', '같다']",-1.2561358534832279,-0.74
35,eOdMVj1mnHE,믿고 거르는 봉준호,"['믿고', '거르', '는', '봉준호']",1.5475159526195892,0.97
36,eOdMVj1mnHE,봉준호의 설국열차 핵노잼이었는데 쓸데없이 잔인하기나 하고 인류의 역사를 보여준다느니 어쩌지 하는 진부한 연출에. 주려는 메시지도 너무 뻔하고 유치함.  이 영화는 그렇지 않길 바란다.,"['봉준호', '의', '설국열차', '핵', '노잼', '이었는데', '쓸데없이', '잔인하기나', '하고', '인류', '의', '역사', '를', '보여준다느니', '어쩌지', '하는', '진부한', '연출', '에', '주려는', '메시지', '도', '너무', '뻔하고', '유치함', '이', '영화', '는', '그렇지', '않길', '바란다']",-3.749016831968474,-1.5
37,eOdMVj1mnHE,수햏의길 응 로튼토마토 95%,"['수', '햏', '의', '길', '응', '로튼토마토', '95']",0.0,0.0
38,eOdMVj1mnHE,설국열차는 너무 의식하고 만든 느낌이 확 들었음,"['설국열차', '는', '너무', '의식', '하고', '만든', '느낌', '이', '확', '들었음']",-0.9797956357651925,-0.49
39,eOdMVj1mnHE,돼지라기 보단 하마...?,"['돼지', '라기', '보단', '하마']",-0.2561358534832265,-0.16
40,eOdMVj1mnHE,꼬마애가 무슨 제이슨본을 찍고있어&#39;;;;,"['꼬마', '애가', '무슨', '제이슨', '본을', '찍고있어', '39']",-0.5122717069664559,-0.28
41,eOdMVj1mnHE,봉준호감독작품인데 의심이 드냐 이것들아?,"['봉준호', '감독', '작품', '인데', '의심', '이', '드냐', '이', '것', '들', '아']",-0.15852170683581007,-0.08
42,eOdMVj1mnHE,출연진 대박!,"['출연', '진', '대박']",0.0,0.0
43,eOdMVj1mnHE,예고편 보자마자 까지말구 개봉하고 보고나서 까도 늦지않았습니다. 여러분!,"['예고편', '보자마자', '까지말구', '개봉', '하고', '보고나서', '까도', '늦지', '않았습니다', '여러분']",-0.1013162886580018,-0.05
44,eOdMVj1mnHE,이제까지 한번도 실망한 적 없는 봉감독 작품이니 걍 믿고 보면 되겠지만<br>옥자 그래픽이 너무 튀어서 이질감이 느껴지는데 흠...,"['이제', '까지', '한번', '도', '실망한', '적', '없는', '봉', '감독', '작품', '이니', '걍', '믿고', '보면', '되겠지만', '옥자', '그래픽', '이', '너무', '튀어', '서', '이', '질감', '이', '느껴지는데', '흠']",-4.083859450912902,-1.69
45,eOdMVj1mnHE,와 진짜 재밌겠다..,"['와', '진짜', '재밌겠다']",0.0,0.0
46,eOdMVj1mnHE,슈퍼돼지의 스테이크는 무슨 맛?,"['슈퍼', '돼지', '의', '스테이크', '는', '무슨', '맛']",-0.5122717069664544,-0.28
47,eOdMVj1mnHE,맛있는 돼지고기를 차지하기위한 싸움ㅋㅋ,"['맛있는', '돼지고기', '를', '차지', '하기', '위', '한', '싸움']",0.7016986097572953,0.37
48,eOdMVj1mnHE,용감한꼬마테라스 ㅋㅋㅋㅋ ㅁㅊ,"['용감한', '꼬마', '테라스']",1.0,0.68
49,eOdMVj1mnHE,새로운 장르다 신선하네,"['새로운', '장르', '다', '신선하네']",1.0,0.62
50,eOdMVj1mnHE,영화도 아직 안보고 까기부터 하는거봐라 ㅉㅉ인셉션 같은거 보고 이해도 잘 안가면서 엄지척이나 하는것들 ㅋ봉감독 영화는 단순히 소재나 스토리만 보면 안되지 ㅋ워낙 연출자체를 개디테일하게 하는 사람이라,"['영화', '도', '아직', '안보', '고', '까', '기', '부터', '하는거', '봐라', '인셉션', '같은거', '보고', '이해도', '잘', '안가면서', '엄지', '척', '이나', '하는것', '들', '봉', '감독', '영화', '는', '단순히', '소재', '나', '스토리', '만', '보면', '안되지', '워낙', '연출', '자체', '를', '개디', '테', '일하게', '하는', '사람', '이라']",1.1464477302777625,0.44
51,eOdMVj1mnHE,그저 설렌다 ㅋㅋ 장인 수준의 테크닉과 창의성까지 갖춘 내가 가장 좋아하는 감독님 ㅠ<br>칸? 수상하면 좋겠지만 그게 뭐가 그렇게 중요한지 모르겠음.<br>칸 영화제보다 옥자 작품 자체가 더 중요함. 빨리 보고 싶다.ㅠ,"['그저', '설렌다', '장인', '수준', '의', '테크닉', '과', '창의성', '까지', '갖춘', '내', '가', '가장', '좋아하는', '감독', '님', '칸', '수상하면', '좋겠지만', '그게', '뭐', '가', '그렇게', '중요한지', '모르겠음', '칸', '영화제', '보다', '옥자', '작품', '자체', '가', '더', '중요함', '빨리', '보고', '싶다']",3.9828494997794865,1.55
52,eOdMVj1mnHE,미쵸 스티븐 쨩!!! 학ㄺㅎㅇ항강ㄱㅎㅇㄱㅎ,"['미', '쵸', '스티븐', '쨩', '학항강']",1.1397796834068974,0.67
53,eOdMVj1mnHE,뭐지? 이 특이한 영화같은 작품은...?,"['뭐', '지', '이', '특이한', '영화', '같은', '작품', '은']",-0.02793929109474841,-0.01
54,eOdMVj1mnHE,sonic si 영화임,"['sonic', 'si', '영화', '임']",0.22819656238847952,0.14
55,eOdMVj1mnHE,"축산업체와 소녀의 한판승부 ㅡ.,ㅡ?","['축산', '업체', '와', '소녀', '의', '한판', '승부']",0.0,0.0
56,eOdMVj1mnHE,외국인들은 다들 기대한다고 그러는데 벌써 관심법쓰는 궁예들 ㅋㅋ,"['외국인', '들', '은', '다', '들', '기대한다고', '그러는데', '벌써', '관심', '법', '쓰는', '궁예', '들']",0.0,0.0
57,eOdMVj1mnHE,윾시 궁예의 후손들 ㅎㅎ,"['윾시', '궁예', '의', '후손', '들']",0.0,0.0
58,eOdMVj1mnHE,원래 이 나라 닝겐들의 종특이잖아요. 열폭하는 거,"['원래', '이', '나라', '닝겐', '들', '의', '종특', '이', '잖아요', '열폭', '하는', '거']",-3.8608572242806227,-1.86
59,eOdMVj1mnHE,이거 배경이 한국인가요?,"['이', '거', '배경', '이', '한국', '인가요']",1.3511677587224062,0.76
60,eOdMVj1mnHE,미러스 엣지 처럼 파쿠르 액션이 많이 나오겠네요,"['미러', '스', '엣지', '처럼', '파쿠르', '액션', '이', '많이', '나오겠네요']",0.07740978241261309,0.04
61,eOdMVj1mnHE,저 여자아이가 무술을 엄청 잘하면....태국 영화...옹박이네.<br>내 코끼리 돌려내!!!,"['저', '여자아이', '가', '무술', '을', '엄청', '잘', '하면', '태국', '영화', '옹박', '이네', '내', '코끼리', '돌려내']",2.034430609899536,0.93
62,eOdMVj1mnHE,디워?,['디워'],0.0,0.0
63,eOdMVj1mnHE,빨리보고싶당,"['빨리', '보고싶당']",-0.2561358534832279,-0.2
64,eOdMVj1mnHE,먼내용일지 가늠이 안간다 이거를 봐돜ㅋㅋㅋ,"['먼내용', '일지', '가늠', '이', '안', '간다', '이', '거', '를', '봐돜']",0.0,0.0
65,eOdMVj1mnHE,"근데, 애기 같은 여자애의 액션이 너무 장난 아니네","['근데', '애기', '같은', '여자애', '의', '액션', '이', '너무', '장난', '아니네']",0.07999202382085241,0.04
66,eOdMVj1mnHE,오~ 재미있겠다~ 보옹~,"['오', '재미있겠다', '보옹']",0.0,0.0
67,eOdMVj1mnHE,봉준호가 또...,"['봉준호', '가', '또']",0.5475159526195892,0.37
68,eOdMVj1mnHE,보러가야지,['보러가야지'],0.0,0.0
69,eOdMVj1mnHE,이곳에서 제일 먼저 나와야 할 예고편을 다른 곳에서 다 보니 나오네.. 넷플릭스 코리아 정신 차리고 일해라.,"['이', '곳', '에서', '제일', '먼저', '나와야', '할', '예고편', '을', '다른', '곳', '에서', '다', '보니', '나오네', '넷플릭스', '코리아', '정신', '차리고', '일해', '라']",0.2939623405446034,0.13
70,eOdMVj1mnHE,다 보고나서 평가해도 늦지않다.,"['다', '보고나서', '평가', '해도', '늦지', '않다']",-0.2561358534832279,-0.14
71,eOdMVj1mnHE,메갈 미화 ㅁㅈㅎ,"['메', '갈', '미화']",0.0,0.0
72,eOdMVj1mnHE,?????? 이게 왜?,"['이', '게', '왜']",0.0,0.0
73,eOdMVj1mnHE,와 스티븐연 출연하시네요 대박,"['와', '스티븐', '연', '출연', '하시네요', '대박']",1.1397796834068974,0.64
74,eOdMVj1mnHE,저도..ㅋㅋㅋ,"['저', '도']",0.0,0.0
75,eOdMVj1mnHE,에......순간 코끼리 찾아 가는 옹박 생각난 건 나뿐인가.,"['에', '순간', '코끼리', '찾아', '가는', '옹박', '생각난', '건', '나', '뿐', '인가']",0.0,0.0
76,eOdMVj1mnHE,B급영화냐?,"['B', '급', '영화', '냐']",0.22819656238847952,0.14
77,eOdMVj1mnHE,봉준호 작가님 작품 보고 말해라,"['봉준호', '작가', '님', '작품', '보고', '말', '해라']",1.4877282930335443,0.81
78,eOdMVj1mnHE,봉준호감독 특유의 소위말하는 어른들의 정치질 사회풍자 비판을 어떻게 보여줄지 기대된다.,"['봉준호', '감독', '특유', '의', '소위', '말', '하', '는', '어른', '들', '의', '정치', '질', '사회', '풍자', '비판', '을', '어떻게', '보여줄지', '기대', '된다']",-0.14782087511558817,-0.06
79,eOdMVj1mnHE,봉준호 감독님 작품은 자본주의의 이득가 소수 시민들의 문제 등 많은 사회비판을 풍자하시는분으로써 저역시 기대하고있습니다,"['봉준호', '감독', '님', '작품', '은', '자본주의', '의', '이득', '가', '소수', '시민', '들', '의', '문제', '등', '많은', '사회', '비판', '을', '풍자', '하시는', '분', '으로써', '저', '역시', '기대하고있습니다']",1.4796871013248527,0.61
80,eOdMVj1mnHE,평가는 참 좋던데...예고편은 흔한 신파극느낌이 ㅎㅎ뭐 봉준호 감독이니까 절대 평범하진 않겠죠,"['평가', '는', '참', '좋던데', '예고편', '은', '흔한', '신파극', '느낌', '이', '뭐', '봉준호', '감독', '이니까', '절대', '평범하진', '않겠죠']",1.0976141466474179,0.49
81,1Xw6UL4fCko,옥자먹어보고싶다,"['옥자', '먹어', '보고싶다']",0.6686827950000805,0.45
82,1Xw6UL4fCko,뉴스떠있던데,"['뉴스', '떠있던데']",0.0,0.0
83,1Xw6UL4fCko,실제이야기인가,"['실제', '이야기', '인가']",0.0,0.0
84,1Xw6UL4fCko,이거,"['이', '거']",0.0,0.0
85,1Xw6UL4fCko,슈퍼돼지가 아니라 슈퍼산골소년데?,"['슈퍼', '돼지', '가', '아니라', '슈퍼', '산골', '소년', '데']",-0.5122717069664544,-0.27
86,1Xw6UL4fCko,옥자=먹자,"['옥자', '먹자']",0.12116684238049136,0.09
87,1Xw6UL4fCko,옥자 실제 존재하나요?,"['옥자', '실제', '존재', '하나요']",-0.6050751813097155,-0.38
88,1Xw6UL4fCko,트리시아 유튜브검색창에 코트 라고 치시면 옥자나와요,"['트리', '시아', '유튜브', '검색', '창', '에', '코트', '라고', '치시면', '옥자', '나와요']",0.12116684238049136,0.06
89,1Xw6UL4fCko,트리시아 음.... 네...,"['트리', '시아', '음', '네']",0.0,0.0
90,1Xw6UL4fCko,플롯도 그렇고 돼지캐릭터 보니 별로 보고싶지는 않네,"['플롯', '도', '그렇고', '돼지', '캐릭터', '보니', '별로', '보고싶지는', '않네']",-0.2561358534832265,-0.13
91,1Xw6UL4fCko,ㅜㅜ 이런거 슬플까봐 못보것다,"['이런거', '슬플까봐', '못', '보것다']",0.0,0.0
92,1Xw6UL4fCko,괴물 2나  만들어주지..,"['괴물', '2', '나', '만들어주지']",-1.0,-0.62
93,1Xw6UL4fCko,하마 + 개,"['하마', '개']",0.0,0.0
94,1Xw6UL4fCko,저 금발 여배우분 설국열차에 그 앞칸 씬스틸러 배우분이네ㅋㅋ 느낌 진짜 다르다,"['저', '금발', '여배우', '분', '설국열차', '에', '그', '앞칸', '씬스틸러', '배우', '분', '이네', '느낌', '진짜', '다르다']",-0.04216553675947693,-0.02
95,1Xw6UL4fCko,틸다 스윈튼이다엉,"['틸다', '스윈튼', '이다', '엉']",0.0025822414082422585,0.0
96,1Xw6UL4fCko,"온갖 PC충, 동물대신 사람이 죽는게 낫다는 동물보호단체들이 뒤섞여서 암걸리는 전개가 되겠군요","['온갖', 'PC', '충', '동물', '대신', '사람', '이', '죽는게', '낫다', '는', '동물보호', '단체', '들', '이', '뒤', '섞여서', '암', '걸리는', '전개', '가', '되겠군요']",1.8388960517559505,0.79
97,1Xw6UL4fCko,내용과 메세지 들은 좋을거 같은데 cg가....,"['내용', '과', '메세지', '들은', '좋을거', '같은데', 'cg', '가']",-0.042165536759479816,-0.02
98,1Xw6UL4fCko,신선한 소재군요.<br>기대 됩니다.,"['신선한', '소재', '군', '요기', '대', '됩니다']",1.017622122826568,0.57
99,1Xw6UL4fCko,스티브연도 나오네요,"['스티브', '연도', '나오네요']",-0.5122717069664559,-0.35
100,1Xw6UL4fCko,맞아엉!,"['맞아', '엉']",0.0,0.0
101,1Xw6UL4fCko,미안하다옹 늦었다옹 ㅠㅠ,"['미안하다', '옹', '늦었다', '옹']",-1.0,-0.62
102,1Xw6UL4fCko,어서오라엉!,"['어서', '오라', '엉']",0.0,0.0
103,1Xw6UL4fCko,이거볼려고 넷플릭스 결제했다 ㅠㅠ<br><del>정작 다른거만 본다는...</del>,"['이', '거', '볼려고', '넷플릭스', '결제', '했다', '정작', '다른', '거만', '본다는']",0.29138009913636403,0.15
104,1Xw6UL4fCko,너 분신술 쓰니??,"['너', '분신', '술', '쓰니']",0.0,0.0
105,1Xw6UL4fCko,조호현 이분 어디서든지 보이넼ㅋㅋㅋ,"['조호현', '이분', '어디서', '든지', '보이', '넼']",-0.2561358534832279,-0.14
106,1Xw6UL4fCko,옥자 광고 보는데 우와... 시골소녀와 돼지의 감동스토리인가 했는데 아줌마가 나와서 &quot;그리고 물론 맛도 줙여줘야죠&quot;<br>나: .... .. ..??!!,"['옥자', '광고', '보는데', '우와', '시골', '소녀', '와', '돼지', '의', '감동', '스토리', '인가', '했는데', '아줌마', '가', '나와서', 'quot', '그리고', '물론', '맛', '도', '줙', '여', '줘야죠', 'quot', '나']",2.7039270406532157,1.12
107,1Xw6UL4fCko,DongYup Lee 씨봨ㅋㅋㅋㅋㅋㅋㅋㅋㅋㅋㅋㅋㅋㅋㅋ,"['DongYup', 'Lee', '씨봨']",0.0,0.0
108,1Xw6UL4fCko,왜 우리나라 영화관에서 방영을 안하는건가여??,"['왜', '우리나라', '영화관', '에서', '방영', '을', '안', '하는', '건가', '여']",-1.233349247840184,-0.62
109,1Xw6UL4fCko,꼬마의 액션이 너무 엄청난데...ㄷㄷㄷㄷㄷㄷㄷㄷㄷ,"['꼬마', '의', '액션', '이', '너무', '엄청난데']",0.33612787730408034,0.19
110,1Xw6UL4fCko,걍 이돼지를 대량번식을 했다면?,"['걍', '이', '돼지', '를', '대량', '번식', '을', '했다면']",-0.5122717069664544,-0.27
111,1Xw6UL4fCko,고지라민 따지고 보면 그것도 살아서 고통받는거지ㅠㅠ,"['고지라', '민', '따지고', '보면', '그것', '도', '살아서', '고통', '받는거지']",-4.574641607960739,-2.34
112,1Xw6UL4fCko,고지라민 헉..... 고지라민님이 여기에도........ 소름.......,"['고지라', '민', '헉', '고지라', '민', '님', '이', '여기', '에도', '소름']",-1.4524840473804108,-0.73
113,1Xw6UL4fCko,한국 유명한 3개의 극장이 상영안한다는 뉴스를 봤는데ㅠㅜㅜㅜㅜㅜㅜ,"['한국', '유명한', '3', '개', '의', '극장', '이', '상영', '안', '한다는', '뉴스', '를', '봤는데']",3.5053504158601125,1.66
114,1Xw6UL4fCko,ㅋㅋㅋㅋ 여주 시네마로갑시다,"['여주', '시네마', '로', '갑시다']",0.0,0.0
115,1Xw6UL4fCko,진짜여?,"['진짜', '여']",0.0,0.0
116,1Xw6UL4fCko,"CGV, 롯데, 메가박스... ㅠ","['CGV', '롯데', '메가박스']",0.0,0.0
117,1Xw6UL4fCko,속 빈 강정처럼 거창한 주제를 다루려다 이도저도 아닌 꼴이 될까 걱정되네요. 설국열차가 그랬죠. 연출면에선 훌륭했지만 정작 기차에 담긴 주제의식은 넘나 진부하고 뻔했던 것.,"['속', '빈', '강정', '처럼', '거창한', '주제', '를', '다루려다', '이도', '저', '도', '아닌', '꼴', '이', '될까', '걱정', '되네요', '설국열차', '가', '그랬죠', '연출', '면', '에선', '훌륭했지만', '정작', '기차', '에', '담긴', '주', '제', '의식', '은', '넘나', '진부하고', '뻔했던', '것']",-5.35808904982875,-2.1
118,1Xw6UL4fCko,재밌겠네,['재밌겠네'],0.0,0.0
119,1Xw6UL4fCko,오 흥미롭네요,"['오', '흥미롭네요']",-0.2561358534832279,-0.2
120,1Xw6UL4fCko,코트? 듀공?? 옥자 !!!,"['코트', '듀공', '옥자']",0.12116684238049136,0.08
121,1Xw6UL4fCko,처음에 코미디인줄 알고 넘기려한거 였는데 ㅎㅎ 극장에 나오면 한번 봐야겟&#39;엉&#39;,"['처음', '에', '코미디', '인', '줄', '알', '고', '넘기려', '한', '거', '였는데', '극장', '에', '나오면', '한번', '봐야겟', '39', '엉', '39']",0.03524424565313622,0.02
122,1Xw6UL4fCko,리뷰엉이: Owl&#39;s Review 어잠마뉴ㅠㅠㅠㅠㅠㅠㅠㅠㅇㅠ,"['리뷰', '엉', '이', 'Owl', '39', 's', 'Review', '어잠마뉴']",-0.2561358534832279,-0.13
123,1Xw6UL4fCko,극장에서는 개봉 안할거같다엉 ㅠㅠ,"['극장', '에서는', '개봉', '안', '할거', '같다', '엉']",0.4461996639615903,0.24
124,1Xw6UL4fCko,내가 메가박스만은 믿었는데....,"['내', '가', '메가박스', '만은', '믿었는데']",0.0,0.0
125,1Xw6UL4fCko,ㅠㅠ,[],0.0,-0.0
126,1Xw6UL4fCko,서로가 각자의 이점을 위해 옥자를 구하려 한다는점이 &#39;칠드런 오브 맨&#39;의 내용과 비슷해 보이네요,"['서로', '가', '각자', '의', '이점', '을', '위해', '옥자', '를', '구', '하려', '한다는', '점', '이', '39', '칠', '드런', '오브', '맨', '39', '의', '내용', '과', '비슷해', '보이네요']",0.3703814047573757,0.15
127,1Xw6UL4fCko,와우,['와우'],0.0,0.0
128,1Xw6UL4fCko,이번에는 리뷰엉이 님이 옥자의 정체와 비밀에 대해서 소개했군요. 저도 옥자라는 영화는 한 번 보려고 하기 때문에 옥자가 과연 무엇인지가 궁금했는데 리뷰엉이 님의 친절한 소개 덕분에 적어도 옥자라는 영화에 대한 이해도는 한층 높아진 것 같고 앞으로도 좋은 영상을 많이 만들었으면 좋겠네요.,"['이번', '에는', '리뷰', '엉', '이', '님', '이', '옥자', '의', '정체', '와', '비밀', '에', '대해', '서', '소개', '했군요', '저', '도', '옥자', '라는', '영화', '는', '한', '번', '보려고', '하기', '때문', '에', '옥자', '가', '과연', '무엇', '인지', '가', '궁금했는데', '리뷰', '엉', '이', '님', '의', '친절한', '소개', '덕분', '에', '적어도', '옥자', '라는', '영화', '에', '대한', '이해도', '는', '한층', '높아진', '것', '같고', '앞', '으로도', '좋은', '영상', '을', '많이', '만들었으면', '좋겠네요']",5.479639555661284,1.95
129,1Xw6UL4fCko,트레일러 보고 나서 무슨 영환지 감을 못잡는 분들이 많더라고요 그래서 만들었다엉!,"['트레일러', '보고', '나서', '무슨', '영환', '지', '감', '을', '못잡는', '분', '들', '이', '많더라고요', '그래서', '만들었다', '엉']",0.9402123404139551,0.43
130,1Xw6UL4fCko,봉준호감독님 영화는 항상 새롭네여ㅋㅋㅋ<br>짜릿해! 늘 새로워 봉쥰이 최고야,"['봉준호', '감독', '님', '영화', '는', '항상', '새롭', '네', '여', '짜릿해', '늘', '새로워', '봉쥰', '이', '최고', '야']",4.129462515138714,1.87
131,1Xw6UL4fCko,신이연 넵ㅋㅋㅋ사진도 같이 올리고싶네욬ㅋㅋㅋㅋ,"['신', '이연', '넵사진', '도', '같이', '올리고싶', '네', '욬']",0.0,0.0
132,1Xw6UL4fCko,ㅋㅋㅋ 짜릿해! 늘 새로워!,"['짜릿해', '늘', '새로워']",0.0,0.0
133,1Xw6UL4fCko,많은 극장에서 해줬으면 좋겠다...,"['많은', '극장', '에서', '해줬으면', '좋겠다']",0.2939623405446035,0.17
134,1Xw6UL4fCko,PAIMI BAE 상영관조차 못구했다는군요..,"['PAIMI', 'BAE', '상영', '관', '조차', '못구', '했다는군요']",0.392696387794363,0.21
135,1Xw6UL4fCko,PAIMI BAE 안타깝게도 한국을 제외한 다른 나라에서는 NETFLIX를 통해서만 공개된다고 합니다.. 다른 나라 영화관에서도 볼수 있으면 좋겠는데 말이죠..,"['PAIMI', 'BAE', '안타깝게도', '한국', '을', '제외', '한', '다른', '나라', '에서는', 'NETFLIX', '를', '통', '해서만', '공개', '된다고', '합니다', '다른', '나라', '영화관', '에서도', '볼수', '있으면', '좋겠는데', '말', '이', '죠']",-1.203269485003525,-0.49
136,rKEkSFppdrw,전세계 자본주의를 비판하는 옥자  대단한 영화다 !!,"['전세계', '자본주의', '를', '비판', '하는', '옥자', '대단한', '영화', '다']",0.03602213310793734,0.02
137,rKEkSFppdrw,그러게 물질만능시대와 대량생산 대량소비 그리고 그속에서 희생되고 파괴되는 것들에 대한 경감심을 일러주는 좋은 작품인 것 같습니다.,"['그러게', '물질', '만능', '시대', '와', '대량생산', '대량', '소비', '그리고', '그', '속', '에서', '희생', '되고', '파괴', '되는', '것', '들', '에', '대한', '경감', '심', '을', '일러주는', '좋은', '작품', '인', '것', '같습니다']",-3.625485244116432,-1.47
138,rKEkSFppdrw,글렌은 나도 그립다........<br>정말 사랑하는 캐릭터였는데....,"['글렌', '은', '나도', '그립다', '정말', '사랑', '하는', '캐릭터', '였는데']",4.746446387925012,2.43
139,rKEkSFppdrw,아.. 그러시구나... 저는 워킹데드 시즌2까지만 보고 그다음부터는 못봐서..<br>암튼 인기가 엄청 많은듯합니다 스티븐연이.,"['아', '그러시구나', '저', '는', '워킹데드', '시즌', '2', '까지만', '보고', '그다음', '부터는', '못', '봐서', '암튼', '인기', '가', '엄청', '많은듯', '합니다', '스티븐', '연', '이']",3.0799920238208554,1.31
140,rKEkSFppdrw,유럽영화계는<br>미국과 미국자본을 싫어해,"['유럽', '영화계', '는', '미국', '과', '미국', '자본', '을', '싫어해']",-3.059787659586045,-1.57
141,rKEkSFppdrw,아... 그렇게 생각할수도 있겠네요..,"['아', '그렇게', '생각', '할수도', '있겠네요']",-1.4524840473804108,-0.85
142,rKEkSFppdrw,배경음 제목뭔가요?,"['배경음', '제목', '뭔', '가요']",0.0,0.0
143,rKEkSFppdrw,그지패션 나도 궁금해요.,"['그', '지', '패션', '나도', '궁금해요']",0.0,0.0
144,rKEkSFppdrw,글씨를 어찌저리 빨리읽냐!!!,"['글씨', '를', '어찌', '저리', '빨리', '읽냐']",-0.2561358534832279,-0.14
145,rKEkSFppdrw,양권규 ㅋㅋㅋ난 빨리 읽을 수 있는데ㅋㅋ반응이 귀여워서 웃김ㅋㅋ욕 아니요!,"['양', '권규', '난', '빨리', '읽을', '수', '있는데', '반응', '이', '귀여워서', '웃김', '욕', '아니요']",-4.04216553675948,-1.91
146,rKEkSFppdrw,불편하셨습니까??? 주의하겠습니다. 좋은 피드백 감사합니다~,"['불편하셨습니까', '주의', '하겠습니다', '좋은', '피드백', '감사합니다']",2.0,1.12
147,rKEkSFppdrw,옥자 예고편만 보아도 뭔가 옥자의 영화 의미를 알꺼 같은데 ...반응이 외이러니..해외 심사평이...,"['옥자', '예고편', '만', '보아', '도', '뭔가', '옥자', '의', '영화', '의미', '를', '알꺼', '같은데', '반응', '이', '외이러니', '해외', '심사평', '이']",0.8547138206290803,0.38
148,rKEkSFppdrw,대부분 호의적인 반응입니다~,"['대부분', '호의', '적', '인', '반응', '입니다']",1.8212739289293822,1.02
149,rKEkSFppdrw,잼있나보다 보러가야지,"['잼있나보다', '보러가야지']",0.0,0.0
150,rKEkSFppdrw,재미있을것 같습니다~ㅎ,"['재미있을것', '같습니다']",0.5475159526195892,0.42
151,rKEkSFppdrw,으... 봉준호에 취한다...,"['으', '봉준호', '에', '취한', '다']",0.5475159526195892,0.32
152,rKEkSFppdrw,@The Seoul Dream 12 Cases <br>블록버스터라고 이름 붙이기에도 좀 뭐한...<br>그 자체로 예술이죠.<br>,"['The', 'Seoul', 'Dream', '12', 'Cases', '블록버스터', '라고', '이름', '붙', '이기', '에도', '좀', '뭐', '한', '그', '자체', '로', '예술', '이', '죠']",0.29138009913636126,0.13
153,rKEkSFppdrw,"봉준호는 똑같은 블록버스터라도 상징성 있는 작품을 만드는 듯합니다,.","['봉준호', '는', '똑같은', '블록버스터', '라도', '상징', '성', '있는', '작품', '을', '만드는', '듯', '합니다']",-0.6909977780370706,-0.33
154,rKEkSFppdrw,스티븐연..ㅠㅠ,"['스티븐', '연']",1.1397796834068974,0.88
155,rKEkSFppdrw,그러게요.. 번역하면서 깜짝 놀랐네요. 영화이야기보다 스티븐연의 출연에 관한 덧글이 훨씬 많았네요,"['그러게요', '번역', '하면서', '깜짝', '놀랐네요', '영화', '이야기', '보다', '스티븐', '연', '의', '출연', '에', '관', '한', '덧글', '이', '훨씬', '많았네요']",1.111840392312149,0.49
156,rKEkSFppdrw,워킹데드의 인기가 하늘은 찌르니까 스티븐연이..ㅎㅎ<br>스티븐연이 또 미국에서 인기가 정말 많더라고요,"['워킹데드', '의', '인기', '가', '하늘', '은', '찌르니까', '스티븐', '연', '이', '스티븐', '연', '이', '또', '미국', '에서', '인기', '가', '정말', '많더라고요']",3.0825742652290917,1.34
157,rKEkSFppdrw,스티븐연에 대한 인기가 상상을 초월하더군요...,"['스티븐', '연', '에', '대한', '인기', '가', '상상', '을', '초월', '하더군요']",2.8836438299236695,1.44
158,IutZs1uWRuM,시골소녀와 하마의 사랑이야기가 보고 싶은데 왜 그래!!!,"['시골', '소녀', '와', '하마', '의', '사랑', '이야기', '가', '보고', '싶은데', '왜', '그래']",3.7438641465167724,1.8
159,IutZs1uWRuM,배급사가 무슨 벼슬이라고..니들 돈벌생각만하냐,"['배급사', '가', '무슨', '벼슬', '이라', '고니', '들', '돈벌', '생각', '만하', '냐']",-0.1761438296623753,-0.09
160,IutZs1uWRuM,동시 배급이면 하루만에 토렌트 파일로 전세계로 퍼질건데... 이건 아니지.~,"['동시', '배급', '이', '면', '하루', '만에', '토', '렌트', '파일', '로', '전세계', '로', '퍼질건데', '이건', '아니지']",-0.8105730972091607,-0.37
161,IutZs1uWRuM,근데 안서현 너무 귀엽고 사랑스럽다 ㅠ,"['근데', '안서현', '너무', '귀엽고', '사랑스럽다']",4.079992023820853,2.4
162,IutZs1uWRuM,결론은 자기네들은 돈벌어야되니까 관객들을 더 불편하게 만들어야된다는건가,"['결론', '은', '자기', '네', '들은', '돈', '벌어야', '되니까', '관객', '들', '을', '더', '불편하게', '만들어야', '된다는', '건가']",-4.375711172655318,-1.99
163,IutZs1uWRuM,"국내 극장가에서 왜 반대하는지 난 이해가 간다<br>이게 선례가 되기 때문이다<br>새로운 유통 시스템이고, 잠재적으로 <br>영화관의 입지를 무너뜨릴수 있기 때문이다 <br>충분히 이해는 간다 <br>만약 넥플렉스의 요구대로 된다면 다음 단계는 넷플렉스로 상업적인 유통 상영이겠지<br>개인이 상업적으로 대화면을 이용 돈을 벌수 있기 대문에 <br>극장가는 어쩌면 사라질수도 있다","['국내', '극', '장가', '에서', '왜', '반대', '하는지', '난', '이해', '가', '간다', '이', '게', '선례', '가', '되기', '때문', '이다', '새로운', '유통', '시스템', '이고', '잠재', '적', '으로', '영화관', '의', '입지', '를', '무너뜨릴수', '있기', '때문', '이다', '충분히', '이해', '는', '간다', '만약', '넥', '플렉스', '의', '요구', '대로', '된다면', '다음', '단계', '는', '넷', '플렉스', '로', '상업', '적', '인', '유통', '상영', '이', '겠지', '개인', '이', '상업', '적', '으로', '대화면', '을', '이용', '돈', '을', '벌수', '있기', '대문', '에', '극', '장가', '는', '어쩌면', '사라질수도', '있다']",6.280119758331909,2.18
164,IutZs1uWRuM,ㅇㅁㅇ 왜 지들 맘이지 우씨 극장에서 안본다,"['왜', '지', '들', '맘', '이지', '우씨', '극장', '에서', '안', '본다']",0.2939623405446035,0.15
165,IutZs1uWRuM,극장 배급으로 돈 벌다가 넷플릭스에 일부 뺏기는 상황이니 딴지거는거. ...극장 갔는데 자리가 가운데 아니고 한쪽에 치우치면 짜증난다.,"['극장', '배급', '으로', '돈', '벌다가', '넷플릭스', '에', '일부', '뺏기는', '상황', '이니', '딴지거는거', '극장', '갔는데', '자리', '가', '가운데', '아니고', '한쪽', '에', '치우치면', '짜증난다']",-1.322844804175612,-0.56
166,IutZs1uWRuM,난 CGV가 예전부터 싫더라,"['난', 'CGV', '가', '예전', '부터', '싫더라']",0.0,0.0
167,IutZs1uWRuM,101달마시안이 생각나는 스토리 ..,"['101', '달마시안', '이', '생각나는', '스토리']",0.0,0.0
168,IutZs1uWRuM,야 뉴스도 잘보면옥자 영화도 무료로 볼수있겠네,"['야', '뉴스', '도', '잘', '보면', '옥자', '영화', '도', '무료', '로', '볼수있겠네']",0.8345094563942754,0.41
169,IutZs1uWRuM,뭔가 했는데 롯데 나 cgv이런데서 돈못벌어서 때쓰는 기사여시네ㅉ,"['뭔가', '했는데', '롯데', '나', 'cgv', '이런', '데', '서', '돈', '못', '벌어서', '때', '쓰는', '기사', '여', '시', '네']",-0.5122717069664559,-0.23
170,IutZs1uWRuM,"당연히 극장입장에선 불만이지. 온라인공개하면 하루도 안되서 파일x리같은데 고화질로 뜰거고 불법다운 좋아하는 우리나라사람특성상 죄다 다운받아볼테고 그만큼 고스란히 손해로 남을텐데. 극장입장에서 저렇게 민감히 반응하는게 불만스러운면 자신은 단 한번도 게임, 애니, 음악 불법다운한적 없는지 생각해봐라.","['당연히', '극장', '입장', '에선', '불만', '이지', '온라인', '공개', '하', '면', '하루', '도', '안되서', '파일', 'x', '리', '같은데', '고화질', '로', '뜰거고', '불법', '다운', '좋아하는', '우리나라', '사람', '특성', '상', '죄다', '다운', '받아', '볼테고', '그만큼', '고스', '란', '히', '손해', '로', '남을텐데', '극장', '입장', '에서', '저렇게', '민감히', '반응', '하는게', '불만', '스러운', '면', '자신', '은', '단', '한번', '도', '게임', '애니', '음악', '불법', '다운', '한적', '없는지', '생각', '해봐라']",-12.337246895472529,-4.42
171,IutZs1uWRuM,금발 여성 콘스탄틴에서 천사역할 하던 사람이네,"['금발', '여성', '콘스탄틴', '에서', '천사', '역할', '하던', '사람', '이네']",2.5677203168543965,1.31
172,IutZs1uWRuM,정말 넷플이 져서 개봉후 2~3주뒤에나 넷플 공개하더라도 난 2~3주뒤에 넷플에서 보겠음,"['정말', '넷플', '이', '져서', '개봉', '후', '23', '주', '뒤', '에나', '넷플', '공개', '하더라도', '난', '23', '주', '뒤', '에', '넷플', '에서', '보겠음']",-1.8079908558009188,-0.78
173,IutZs1uWRuM,극장에서뭐라고 떠들든 극장이 이겨도 2-3주뒤에 온라인에서 보면 끝~ <br>저렇게 더 이득볼려고 담합짓하면서 사람들한테 밉보이면서 2-3주 더 빨리 개봉하면 뭔 소용이여  2-3주 기달리면 끝인데,"['극장', '에서', '뭐라고', '떠들든', '극장', '이', '이겨도', '23', '주', '뒤', '에', '온라인', '에서', '보면', '끝', '저렇게', '더', '이득', '볼려고', '담합', '짓하면서', '사람', '들', '한테', '밉', '보이면서', '23', '주', '더', '빨리', '개봉', '하면', '뭔', '소용', '이여', '23', '주', '기', '달리', '면', '끝', '인데']",3.614302301915275,1.38
174,IutZs1uWRuM,근데 옥자 칸 평점이 3.45/5 라면서 좋은 기록이라고 기사쓴 기자가 있는데 어떤 사람들은 3점 중반대면 좋은기록이 아니고 그냥 평균이라고 하던데 뭐가 맞는건지 모르겠다,"['근데', '옥자', '칸', '평점', '이', '3455', '라면서', '좋은', '기록', '이라고', '기사', '쓴', '기자', '가', '있는데', '어떤', '사람', '들', '은', '3', '점', '중반', '대면', '좋은', '기록', '이', '아니고', '그냥', '평균', '이라고', '하던데', '뭐', '가', '맞는', '건지', '모르겠다']",-5.608853839489701,-2.19
175,IutZs1uWRuM,결국 돈때문이자나??<br>사스가 자본주의,"['결국', '돈', '때문', '이자나', '사스', '가', '자본주의']",0.8388960517559518,0.45
176,IutZs1uWRuM,넷플릭스 오리지널 영화인데 왜 극장먼저야,"['넷플릭스', '오', '리지', '널', '영화', '인데', '왜', '극장', '먼저', '야']",1.0670926141444341,0.53
177,IutZs1uWRuM,옥동자 재밋겟군..,"['옥동자', '재밋겟군']",0.0,0.0
178,IutZs1uWRuM,no,['no'],0.0,0.0
179,IutZs1uWRuM,영화 제작사 혹은 감독 측이 주도권을 잡을 수 있게하는 법이 추진됬으면 좋겠다.,"['영화', '제작사', '혹은', '감독', '측', '이', '주도', '권', '을', '잡', '을', '수', '있게하는', '법', '이', '추진', '됬으면', '좋겠다']",0.7782947564163082,0.35
180,IutZs1uWRuM,뜨거운감자,"['뜨거운', '감자']",0.0,0.0
181,IutZs1uWRuM,지들이 문화를 이끌어간다는 오만한 cj 한방 먹여줘라. 지들 방식이 아님 안된다고?,"['지', '들이', '문화', '를', '이끌어', '간다', '는', '오만한', 'cj', '한', '방', '먹여줘라', '지', '들', '방식', '이', '아님', '안된다고']",-0.2561358534832279,-0.11
182,IutZs1uWRuM,당연 국장에선 상영안하겠죠. 상영여분 극장의 자유니.,"['당', '연', '국장', '에선', '상영', '안하겠죠', '상영', '여분', '극장', '의', '자유', '니']",-0.11957531917208986,-0.06
183,IutZs1uWRuM,넷플릭스 유료인데 국내만 차별하면 살아남을수 있겠나 국내에서 원안대로 가야지 극장이야 돈벌이 생각뿐이고,"['넷플릭스', '유료', '인데', '국내', '만', '차별', '하면', '살아남을수', '있겠나', '국내', '에서', '원안', '대로', '가야', '지', '극장', '이야', '돈벌이', '생각', '뿐', '이고']",1.212850416121408,0.52
184,IutZs1uWRuM,넷플릭스는 극장과 넷플개봉 동시에 하고싶다는 것이고<br><br>극장측은 그것은 원칙에 어긋나는것이고 그렇게 할순없다 극장에 개봉하려면 인터넷 개봉을 극장개봉후 일정기간 후에 개봉해야한다는 것<br>이런 사례가 늘어난다면 원칙들이 깨지는것이다<br><br>결국 극장 쪽은 이익이 분산되는 방법은 싫고<br>우리가 독과점해서 극장에서 돈싹쓸이 한다음 그후에 인터넷으로 풀어야한다<br><br>그 방법이 아니면 극장개봉ㄴㄴ 거절한다 이거네..,"['넷플릭스', '는', '극장', '과', '넷플', '개봉', '동시', '에', '하고싶다는', '것', '이고', '극장', '측', '은', '그것', '은', '원칙', '에', '어긋나는것이고', '그렇게', '할', '순', '없다', '극장', '에', '개봉', '하려면', '인터넷', '개봉', '을', '극장', '개봉', '후', '일정', '기간', '후', '에', '개봉', '해야', '한다는', '것', '이런', '사례', '가', '늘어난다면', '원칙', '들', '이', '깨지는것이다', '결국', '극장', '쪽', '은', '이익', '이', '분산', '되는', '방법', '은', '싫', '고우리', '가', '독과점', '해서', '극장', '에서', '돈싹', '쓸이', '한', '다음', '그', '후', '에', '인터넷', '으로', '풀어야', '한', '다그', '방법', '이', '아니면', '극장', '개봉', '거절', '한다', '이', '거', '네']",-8.305221798915152,-2.82
185,IutZs1uWRuM,언플 더럽다,"['언플', '더럽다']",-2.0,-1.54
186,IutZs1uWRuM,뭔ㅋㅋㅋ 넷플릭스만 무료로 제공한다면 그럴수 있다지만<br>어차피 동시 개봉인데 극장이 우월하다 이거냐 ㅋㅋ,"['뭔', '넷플릭스', '만', '무료', '로', '제공', '한', '다', '면', '그럴수', '있다지만', '어차피', '동시', '개봉', '인데', '극장', '이', '우월하다', '이', '거', '냐']",2.951550079821704,1.27
187,IutZs1uWRuM,어떻게 막아?<br>무슨 수로?<br>무슨 근거로?,"['어떻게', '막아', '무슨', '수로', '무슨', '근거', '로']",0.29138009913636126,0.16
188,IutZs1uWRuM,째째하게 굴면 기회는사라짐 그냥 숙이고 들어가지,"['째째하게', '굴', '면', '기회', '는', '사라짐', '그냥', '숙이고', '들어가지']",-0.2561358534832279,-0.13
189,IutZs1uWRuM,난 극장 온라인 동시에 한표 영화관가면 불편하고 비매너 머리에 우동사리들 많아서.... 집에 빔프로젝터까지 장만해서 이제는 집에서 보는게 편하고 방해받을것도 없어서 좋음 온라인으로 상영하면 바로 구매해서 봐야징~,"['난', '극장', '온라인', '동시', '에', '한', '표', '영화관', '가면', '불편하고', '비', '매너', '머리', '에', '우동', '사리', '들', '많아서', '집', '에', '빔', '프로젝터', '까지', '장만', '해서', '이제', '는', '집', '에서', '보는게', '편하고', '방해', '받을것도', '없어서', '좋음', '온라인', '으로', '상영', '하면', '바로', '구매', '해서', '봐야', '징']",-1.4926268518158805,-0.56
190,IutZs1uWRuM,완전 도둑놈 심보네 제작 전액 지원해주고 만든회사 방침에 따라야 맞지...,"['완전', '도둑', '놈', '심보', '네', '제작', '전액', '지원', '해주고', '만든', '회사', '방침', '에', '따라야', '맞지']",-3.11957531917209,-1.43
191,IutZs1uWRuM,뜨거운 감자가 떠올랐다고?,"['뜨거운', '감자', '가', '떠올랐다고']",0.0,0.0
192,IutZs1uWRuM,그냥 이권 다툼이군. 저러다 재미 없으면 어쩌려고,"['그냥', '이권', '다툼이군', '저러다', '재미', '없으면', '어쩌려', '고']",1.7438641465167721,0.92
193,IutZs1uWRuM,돈 쓸어담을려고 먼저 개봉할려고<br>다투는구나..,"['돈', '쓸어', '담', '을', '려고', '먼저', '개봉', '할려고', '다투는구나']",-0.1013162886580018,-0.05
194,IutZs1uWRuM,이게 왜?? 배급사와 진흥원 상영관에 대한 힘겨루기는 옥자뿐 아니라 항상 존재했던거 아닌가요..? 이게 무슨 옥자 영화 하나뿐인 경우가 아니라 지금까지 우리가 보아왔던 모든 영화들은 사실 이런 흥정을 거쳐서 상영되는데 이게 꼭 무슨 옥자 영화 하나 뿐인것 처럼 말하죠..?하나만 더 드리죠..옥자가 그리 좋은 영화일까요..? 제가 볼땐 좀 난해한 영화인데 제작사가 미리 선수쳐서 악성 댓글이든 아니든 이슈를 만들어 알리기 위한 홍보 수단중 하나가 아닐까 생각됩니다..칸에서 이미 옥자는 수상 내역에서 탈락했습니다..흥애보다도 예술서이나 감수성등을 따지는 칸에서 옥다를 탈락 시켰다면..? 뻔하겠죠..그럼 제작에 참여한 제작자들은 영화에 흥행을 위해 홍보에 더 치중해 원금이라도 챙기길 원하겠죠..헐리우드 영화중 대표적으로 유명한 영화가 존재합니다..아바타..이영화는 사실 말해서 홍보에 승리라 말할수 있습니다..취향저격인 사람도 있겠지만 아바타는 영화를 만들고도 스스로 이상하다고 생각이된 제작자들이 망했다고 합니다..한마디로 X됐다..했죠..불야불야 완성된 영화에 절반을 버리고 재 촬영을 하는데 문제는 계약이 끝난 배우들이 다시 들어가기가 힘둔 상황이 된겁니다..선택한 방법이 바로 에니메이션 기법입니다..사실 아바타 영화를 자세히 보시면 3D적인 영화보다는 에니메이션에 가깝습니다..환타지 부분을 자세히 보세요. 전부 만화입니다..천정부지 배우 몸값보다는 에니메이션이 돈이 덜들겠죠..하여튼..헐리우드에 내놓으라는 영화제작사들은 아바타에 홍보에 열을 올리고 상업적이든 무엇이든 나라별 영화 평론가들을 진보적인 논리로 꼬십니다..당시에 개념있는 몇명 평논가들이 방송에 나와 아바타 영화에 별을 후하게 줍니다..그래야 자신이 깨어있는 영화 평론가 처럼 보이니까요..하지만 현재는 당시 평론가들이 그때에 아바타를 말하면 피하려 합니다..창피하겠죠..제가 당시에 아바타를 본 느낌은 이게 영화야 잘그린 에니메이션 만화야..?? 의외로 아바타는 그런 홍보덕에 흥행에 성공합니다..하지만 문제가 영화은 감동이 깊으면 다시 보고싶은 영화가 되어야 되는데 아바타는 흥행 성적별 다시보고 싶은 영화 순위에 들지 못합니다..진보적인 논리..? 이런게 혹시 당신에 발먹울 잡는 경우가 아닐까요..?깨어있는 시민 의식..?본인이 그 사람중 하나이고 싶은데..본인에 지식과 논리력은 이해 수준일까요..,"['이', '게', '왜', '배급사', '와', '진흥', '원', '상영', '관', '에', '대한', '힘겨루기', '는', '옥자', '뿐', '아니라', '항상', '존재', '했던거', '아닌가요', '이', '게', '무슨', '옥자', '영화', '하나', '뿐', '인', '경우', '가', '아니라', '지금', '까지', '우리', '가', '보아', '왔던', '모든', '영화', '들', '은', '사실', '이런', '흥정', '을', '거쳐서', '상영', '되는데', '이', '게', '꼭', '무슨', '옥자', '영화', '하나', '뿐인것', '처럼', '말', '하죠하나만', '더', '드리죠', '옥자', '가', '그리', '좋은', '영', '화일', '까요', '제', '가', '볼땐', '좀', '난해한', '영화', '인데', '제작사', '가', '미리', '선수', '쳐서', '악성', '댓글', '이든', '아니든', '이슈', '를', '만들어', '알리기', '위', '한', '홍보', '수단', '중', '하나', '가', '아닐까', '생각', '됩니다', '칸', '에서', '이미', '옥자', '는', '수상', '내', '역', '에서', '탈락', '했습니다', '흥애', '보다도', '예술', '서', '이나', '감수성', '등', '을', '따지는', '칸', '에서', '옥', '다를', '탈락', '시켰다면', '뻔하겠죠', '그럼', '제작', '에', '참여', '한', '제작자', '들', '은', '영화', '에', '흥행', '을', '위해', '홍보', '에', '더', '치중', '해', '원금', '이라도', '챙기길', '원하겠죠', '헐리우드', '영화', '중', '대표', '적', '으로', '유명한', '영화', '가', '존재', '합니다', '아바타', '이영화', '는', '사실', '말', '해서', '홍보', '에', '승리', '라', '말', '할수', '있습니다', '취향', '저격', '인', '사람', '도', '있겠지만', '아바타', '는', '영화', '를', '만들고도', '스스로', '이상하다고', '생각', '이', '된', '제작자', '들', '이', '망했다고', '합니다', '한마디', '로', 'X', '됐다', '했죠', '불야', '불야', '완성', '된', '영화', '에', '절반', '을', '버리고', '재', '촬영', '을', '하는데', '문제', '는', '계약', '이', '끝난', '배우', '들', '이', '다시', '들어가기가', '힘', '둔', '상황', '이', '된', '겁니다', '선택', '한', '방법', '이', '바로', '에', '니', '메이', '션', '기법', '입니다', '사실', '아바타', '영화', '를', '자세히', '보시', '면', '3', 'D', '적', '인', '영화', '보다는', '에', '니', '메이', '션', '에', '가깝습니다', '환타지', '부분', '을', '자세히', '보세요', '전부', '만화', '입니다', '천', '정부', '지', '배우', '몸값', '보다는', '에', '니', '메이', '션', '이', '돈', '이', '덜', '들', '겠죠', '하여튼', '헐리우드', '에', '내놓으라는', '영화제작사', '들', '은', '아바타', '에', '홍보', '에', '열', '을', '올리고', '상업', '적', '이든', '무엇', '이든', '나라', '별', '영화', '평론가', '들', '을', '진보', '적', '인', '논리', '로', '꼬', '십', '니', '다', '당시', '에', '개념', '있는', '몇', '명', '평논', '가', '들이', '방송', '에', '나와', '아바타', '영화', '에', '별', '을', '후', '하게', '줍니다', '그', '래야', '자신', '이', '깨어있는', '영화', '평론가', '처럼', '보이', '니까', '요하', '지만', '현재', '는', '당시', '평론가', '들', '이', '그때', '에', '아바타', '를', '말', '하면', '피', '하려', '합니다', '창피하겠죠', '제', '가', '당시', '에', '아바타', '를', '본', '느낌', '은', '이', '게', '영화', '야', '잘', '그린', '에', '니', '메이', '션', '만화', '야', '의외로', '아바타', '는', '그런', '홍보', '덕', '에', '흥행', '에', '성공합니다', '하지만', '문제', '가', '영화', '은', '감동', '이', '깊으면', '다시', '보고싶은', '영화', '가', '되어야', '되는데', '아바타', '는', '흥행', '성적', '별', '다시', '보고', '싶은', '영화', '순위', '에', '들지', '못', '합니다', '진보', '적', '인', '논리', '이런게', '혹시', '당신', '에', '발', '먹울', '잡는', '경우', '가', '아닐까', '요', '깨', '어', '있는', '시민', '의식', '본인', '이', '그', '사람', '중', '하나', '이고', '싶은데', '본인', '에', '지식', '과', '논리', '력', '은', '이해', '수준', '일까', '요']",-24.94500011791781,-6.81
195,IutZs1uWRuM,호 애초에 아바타는 facial 캡쳐+ 모션캡쳐+ 사전 시각화 의 집합체를 이용한 기술을 이용했으니 cg기술의 새로운 장을 열었다고 해도 과언이 아닙니다. 3D같지 않다구요? 그렇다면 전세계적으로 흥행한 이유가 뭘까요? 단지 홍보에 의해서? 작성자분 말대로 잘만들어진 애니메이션 정도였다면 그정도 홍보를 했을경우 오히려 비판을 받으며 역풍이 생깁니다. 제작사와 배급사가 협상을 하여 영화를 상영하는 것을 맞습니다. 하지만  저렇게 뻔히 보이는 흔히 &#39;갑&#39;이라는 작자들의 횡포를 그저 협상이라고 넘길 수는 없을 것 같은데요.,"['호', '애초', '에', '아바타', '는', 'facial', '캡쳐', '모션캡쳐', '사전', '시각', '화', '의', '집합', '체', '를', '이용', '한', '기술', '을', '이용', '했으니', 'cg', '기술', '의', '새로운', '장', '을', '열었다고', '해도', '과언', '이', '아닙니다', '3', 'D', '같지', '않다구요', '그렇다면', '전세계', '적', '으로', '흥행', '한', '이유', '가', '뭘', '까요', '단지', '홍보', '에', '의해서', '작성자', '분', '말', '대로', '잘', '만들어진', '애니메이션', '정도', '였다면', '그', '정도', '홍보', '를', '했을', '경우', '오히려', '비판', '을', '받으며', '역풍', '이', '생깁니다', '제작사', '와', '배급사', '가', '협상', '을', '하여', '영화', '를', '상영', '하는', '것', '을', '맞습니다', '하지만', '저렇게', '뻔히', '보이는', '흔히', '39', '갑', '39', '이라는', '작자', '들', '의', '횡포', '를', '그저', '협상', '이라고', '넘길', '수', '는', '없을', '것', '같은데요']",-10.503580045337683,-3.46
196,IutZs1uWRuM,극장사의 횡포다. 극장의 이익을 위해 배급사가 기다려줘야한다는 건가? 말도 안되는 소리다.<br>극장에서 보고 말고는 소비자가 판단할 문제다.,"['극장', '사의', '횡포', '다', '극장', '의', '이익', '을', '위해', '배급사', '가', '기다려줘', '야한다는', '건가', '말', '도', '안되는', '소리', '다', '극장', '에서', '보고', '말고는', '소비자', '가', '판단', '할', '문제', '다']",5.727704364496102,2.33
197,IutZs1uWRuM,영화관 갈돈으로 넷플릭스로 캔맥먹으면서 봐야지,"['영화관', '갈', '돈', '으로', '넷플릭스', '로', '캔맥', '먹으면서', '봐야지']",0.035244245653134665,0.02
198,IutZs1uWRuM,난또 영화에 문제있는줄알았네 ㅡㅡ 잼겠다,"['난또', '영화', '에', '문제', '있는줄', '알았네', '잼겠다']",0.5643244396925599,0.31
199,IutZs1uWRuM,난 사실상 찬성 대형 영화관들 니들 너무 독점했어 이번에 가격 상승도 이상한 이유로 올리고 영화관련 친구 말 들어보니깐 니들 시간 단축하기위해서 그냥 편집한다며 그리고 제일 큰문제는 난 영화장가고 싶어도 못가 가면 두드러기 생겨 아니면 비닐 깔고 가야하는데 귀찮아,"['난', '사실', '상', '찬성', '대형', '영화관', '들', '니', '들', '너무', '독점', '했어', '이번', '에', '가격', '상승', '도', '이상한', '이유', '로', '올리고', '영화', '관련', '친구', '말', '들어', '보', '니깐', '니', '들', '시간', '단축', '하기', '위해', '서', '그냥', '편집', '한다며', '그리고', '제일', '큰', '문제', '는', '난', '영화', '장가', '고', '싶어도', '못', '가', '가면', '두드러기', '생겨', '아니면', '비닐', '깔고', '가야', '하는데', '귀찮아']",4.708520571400849,1.7
200,IutZs1uWRuM,"팝콘 시끄럽게 먹어, 지네집 안방이신지 앞좌석에 발올려, 발로 차, 핸드폰 해, 벨소리 울려, 진동 울려, 계속 왔다갔다거려, 영화중계를 해, 엔딩크레딧 다보고싶은데 직원은 빨리 꺼져라 눈치 줘.. 그럴꺼면 그냥 너네집가서 보고, 내 돈 주고 엔딩크레딧까지 본다는데 눈치 줄꺼면 내집가서 볼께요. 좀 더 영화에 집중하고 싶어 내 돈 주고 영화관가서 보는데 갈때마다 너무하다싶어요. 시대가 변하고 있는데 저게 뭔 심보인가요..","['팝콘', '시끄럽게', '먹어', '지네', '집', '안방', '이', '신지', '앞', '좌석', '에', '발', '올려', '발', '로', '차', '핸드폰', '해', '벨소리', '울려', '진동', '울려', '계속', '왔다', '갔다거려', '영', '화중', '계', '를', '해', '엔딩크레딧', '다', '보고싶은데', '직원', '은', '빨리', '꺼져라', '눈치', '줘', '그럴꺼면', '그냥', '너', '네', '집', '가서', '보고', '내', '돈', '주고', '엔딩크레딧', '까지', '본다는데', '눈치', '줄꺼면', '내', '집', '가서', '볼께요', '좀', '더', '영화', '에', '집중', '하고', '싶어', '내', '돈', '주고', '영화관', '가서', '보는데', '갈', '때', '마다', '너무하다싶어요', '시대', '가', '변하고', '있는데', '저', '게', '뭔', '심보', '인가요']",-7.425611636274741,-2.54
201,IutZs1uWRuM,아휴...기득권새끼들 진짜 ㅋㅋㅋㅋㅋㅋㅋㅋ 어떻게든 돈처먹으려고 별지랄을다해서 어휴..,"['아', '휴', '기득권', '새끼', '들', '진짜', '어떻', '게', '든', '돈처', '먹으려고', '별', '지랄', '을', '다해', '서', '어휴']",-0.5122717069664559,-0.23
202,IutZs1uWRuM,볼려면 한달 다시 결제해야해요? 아니면 옥자만 결제하는거에요,"['볼려면', '한', '달', '다시', '결제', '해야', '해', '요', '아니면', '옥자', '만', '결제', '하는거에요']",-3.7844381600678507,-1.79
203,IutZs1uWRuM,멀티플렉스 상영관들 뭔 개소리지? 지들이나 배급사가 다르면 모르지만 넷플릭스가 뭔지 모르나? 뭔 개솔을 하고 지랄이지? 황당하네;;;;,"['멀티플렉스', '상영', '관', '들', '뭔', '개', '소리', '지', '지', '들이나', '배급사', '가', '다르면', '모르지만', '넷플릭스', '가', '뭔', '지', '모르나', '뭔', '개솔', '을', '하고', '지랄', '이지', '황당하네']",1.2341746809585543,0.51
204,IutZs1uWRuM,영화 시스템이 먼데? 니들 셋이 다 해쳐먹는거?,"['영화', '시스템', '이', '먼데', '니', '들', '셋', '이', '다', '해쳐', '먹는거']",0.18344878422076039,0.09
205,IutZs1uWRuM,논란이라길레 영화 내용에 문제있는줄...<br>보통 &quot;00이 논란이다&quot;히면 영화 내용에 관해서라고 생각하지않음?<br>이건 그냥 사업자끼리 마찰같은데....,"['논란', '이라', '길레', '영화', '내용', '에', '문제', '있는줄', '보통', 'quot', '00', '이', '논란', '이다', 'quot', '히', '면', '영화', '내용', '에', '관', '해서라고', '생각', '하지', '않음', '이건', '그냥', '사업자', '끼리', '마찰', '같은데']",-0.20150087934888167,-0.08
206,IutZs1uWRuM,영화관측은 배급 해준다고 손해보는 장사도 아닐텐데 욕심이 지나치네ㅋ,"['영화관', '측은', '배급', '해준다고', '손', '해보는', '장사', '도', '아닐텐데', '욕심', '이', '지나치네']",-1.4594053384867576,-0.7
207,IutZs1uWRuM,영화도 예술이다. 지들 더 못벌 것 같으니까 부들부들대는 꼴이 우습기만 하네. 한국영화 시스템이라는 말을 한다는 게 부끄러워야 할 것이다. 자기 아가리에 몇 푼이라도 더 집어넣어달라고 낑낑거리는 걸 그런 한국 영화 시스템이라는 되먹지도 않은 걸 들먹이면서 지랄 아주 잘들 한다.,"['영화', '도', '예술', '이다', '지', '들', '더', '못', '벌', '것', '같으니까', '부들부들', '대', '는', '꼴', '이', '우습기만', '하네', '한국영', '화', '시스템', '이라는', '말', '을', '한다는', '게', '부끄러워야', '할', '것', '이다', '자기', '아가리', '에', '몇', '푼', '이라도', '더', '집어넣어', '달라', '고', '낑낑', '거리', '는', '걸', '그런', '한국', '영화', '시스템', '이라는', '되', '먹지도', '않은', '걸', '들먹이면서', '지랄', '아주', '잘', '들', '한다']",-7.217365311451693,-2.6
208,IutZs1uWRuM,넷플 영환데 극장놈들은 뭔지랄?,"['넷플', '영환', '데', '극장', '놈', '들', '은', '뭔', '지랄']",-1.5720593665524978,-0.8
209,IutZs1uWRuM,임태엽 그러니까 안하겟다는거잔아요ㅋㅋ,"['임', '태엽', '그러니까', '안하겟다는거', '잔아요']",-0.2561358534832279,-0.15
210,IutZs1uWRuM,넷플릭스서 먼져나와야 공짜로 볼수있는데 넷플릭스 화이팅,"['넷플릭스', '서', '먼져', '나와야', '공짜', '로', '볼수있는데', '넷플릭스', '화이팅']",0.5475159526195905,0.28
211,IutZs1uWRuM,심보가 고약하구만 역시 장사치들,"['심보', '가', '고약하구만', '역시', '장사치', '들']",0.5475159526195892,0.31
212,IutZs1uWRuM,투자자 맘 아닌가?  1원도 투자 안한것들이 말많네,"['투자자', '맘', '아닌가', '1원', '도', '투자', '안', '한것', '들이', '말', '많네']",-0.2561358534832279,-0.13
213,IutZs1uWRuM,씹꼰대 기득권새끼들ㅉㅉ,"['씹꼰대', '기득권', '새끼', '들']",-0.2561358534832279,-0.16
214,IutZs1uWRuM,cj가 또..,"['cj', '가', '또']",0.0,0.0
215,IutZs1uWRuM,그러니까 결국은 시스템은 변화하는데 기득권이 변화를 못이기니까 그거막을려는거잖아<br>관객은 좀더 편한시스템을 찾는거지<br>무조건 지들이 이득인 시스템만 쓰라는 씹억지,"['그러니까', '결국', '은', '시스템', '은', '변화', '하는데', '기득권', '이', '변화', '를', '못', '이기니까', '그거', '막을려는', '거', '잖아', '관객', '은', '좀더', '편한', '시스템', '을', '찾는거지', '무조건', '지', '들이', '이득', '인', '시스템', '만', '쓰라는', '씹', '억지']",-1.6904373865189548,-0.67
216,IutZs1uWRuM,극장에서 봐야 다른 상품들도 같이 팔 수있으니까,"['극장', '에서', '봐야', '다른', '상품', '들', '도', '같이', '팔', '수', '있으니까']",0.037826487061377034,0.02
217,IutZs1uWRuM,배급사들 뭔 심보냐 애초에 넥플릭스 영환데,"['배급사', '들', '뭔', '심보', '냐', '애초', '에', '넥플릭스', '영환', '데']",0.5500981940278287,0.28
218,IutZs1uWRuM,전 뉴스만보고 전자처럼 이해했는데 다시 알아보니 배급사 이전에 투자자이네요. 그러니 배급사보다 영화에대한 완전한 권한이 있는거임 그 역할을 대변하고있는게 저 배급사고. 그러니 영화관이 배급사라하는건 지적한대로 말도안되는거. 오케이?,"['전', '뉴스', '만', '보고', '전자', '처럼', '이해', '했는데', '다시', '알아보니', '배급사', '이전', '에', '투자자', '이네', '요', '그러니', '배급사', '보다', '영화', '에', '대한', '완전한', '권한', '이', '있는거', '임', '그', '역할', '을', '대변', '하고있는게', '저', '배급사', '고', '그러니', '영화관', '이', '배급사', '라', '하는건', '지적', '한', '대로', '말', '도', '안되는거', '오케이']",4.122541224032371,1.54
219,IutZs1uWRuM,레스토랑스 배급사가 네플릭스에요 배급사랑 네플릭스랑 계약한거임 제대로 지적해주셨는데 좀 아니꼬우신듯,"['레스토랑', '스', '배급사', '가', '네플릭스', '에요', '배급사', '랑', '네플릭스', '랑', '계약', '한', '거임', '제대로', '지적', '해주셨는데', '좀', '아니꼬', '우신듯']",2.3537500001306455,1.03
220,IutZs1uWRuM,jiyong li 배급사들이 만든 영화사랑 합의를 봐서 극장에 배급사들이 배급하는거임 뉴스에도 배급사라고 나오고,"['jiyong', 'li', '배급사', '들', '이', '만든', '영화사', '랑', '합의', '를', '봐서', '극장', '에', '배급사', '들', '이', '배급', '하는거', '임', '뉴스', '에도', '배급사', '라고', '나오고']",1.64513009926701,0.69
221,IutZs1uWRuM,배급사x 극장.,"['배급사', 'x', '극장']",1.3537500001306486,0.92
222,IutZs1uWRuM,극장요? ㅋㅋㅋㅋㅋㅋㅋㅋㅋㅋㅋ 옆에서 핸드폰꺼내들면서 카톡하고 게임하는 초중딩들에<br>뒤에서는 아줌마가 영화보면서 큰소리로 깔깔 대는곳 말이죠? 깔깔깔<br>왜 그딴 재수없는곳에 가서 영화 봐야되요? ^^ 연극극장보다 못한곳에서 ㅋ,"['극장', '요', '옆', '에서', '핸드폰', '꺼내', '들면서', '카톡', '하고', '게임', '하는', '초', '중딩', '들', '에', '뒤', '에서는', '아줌마', '가', '영화', '보면서', '큰소리', '로', '깔깔', '대는', '곳', '말', '이', '죠', '깔깔', '깔', '왜', '그딴', '재수없는', '곳', '에', '가서', '영화', '봐야되', '요', '연', '극', '극장', '보다', '못', '한', '곳', '에서']",-0.2789106617614947,-0.1
223,IutZs1uWRuM,Terry Woo 넌 뭐냐 ㅋㅋㅋㅋㅋㅋㅋㅋ 대변인이냐?,"['Terry', 'Woo', '넌', '뭐', '냐', '대변인', '이냐']",0.0,0.0
224,IutZs1uWRuM,Kim kim 그리고 반말은 삼가주세요,"['Kim', 'kim', '그리고', '반말', '은', '삼가주세요']",1.3511677587224062,0.76
225,IutZs1uWRuM,Kim kim 웃는거 정도는 괜찮은데 잡담나누는게 문제죠,"['Kim', 'kim', '웃는거', '정도', '는', '괜찮은데', '잡담', '나누는게', '문제', '죠']",0.07999202382085241,0.04
226,IutZs1uWRuM,"넌 도데체 어디서 보는거냐??? 초,중딩 게임??ㅋㅋㅋ 나만 본적없냐? 영화보러가서 웃지도못하냐??ㅋㅋㅋ 니목소리는 멋지고 아름답니? 보아하니... 극장도 몇번안가보고, 영화보는거 별로안좋아하는 사람같은데, 모든사람이 너같다고 판단하지마~ ㅉㅉ","['넌', '도데', '체', '어디서', '보는거냐', '초', '중딩', '게임', '나', '만', '본적', '없냐', '영화', '보러가서', '웃지도', '못', '하', '냐', '니', '목소리', '는', '멋지고', '아름답니', '보아', '하니', '극장', '도', '몇', '번안', '가보고', '영화', '보는거', '별', '로안', '좋아하는', '사람', '같은데', '모든', '사람', '이', '너', '같다고', '판단', '하지마']",6.3760948361073595,2.41
227,IutZs1uWRuM,응 집에서볼게 ㅅㄱ 해 1~2일이면 p2p ㅌㄹㅌ 에뜨니까 집에서 팝콘하고 콜라 한5천원어치 양것사서 먹으면서 볼게~,"['응', '집', '에서', '볼', '게', '해', '12일', '이면', 'p', '2', 'p', '에', '뜨니까', '집', '에서', '팝콘', '하고', '콜라', '한', '5천원', '어치', '양', '것', '사서', '먹으면서', '볼', '게']",-1.9974177585917605,-0.82
228,IutZs1uWRuM,@청개굴 그냥 딱보면 영화비꼬면서 대놓고 불법으로본다는건데 뭐가 인지를못해 내가위에말했듯이 혼자조용히 보면은 아무도 뭐라못해 내가 뭐 사줄것도아니고 근데 대놓고 불법하고다녀요 라고 광고하는새끼들이 머가리가 비어서 욕먹는거야,"['청', '개', '굴', '그냥', '딱', '보면', '영화', '비꼬면서', '대놓고', '불법', '으로', '본다는건데', '뭐', '가', '인지', '를', '못', '해', '내', '가위', '에', '말', '했듯이', '혼자', '조용히', '보면은', '아무', '도', '뭐라못해', '내', '가', '뭐', '사줄것도', '아니고', '근데', '대놓고', '불법', '하고', '다녀요', '라고', '광고', '하는', '새끼', '들', '이', '머', '가', '리가', '비어', '서', '욕먹는거야']",-8.231845683785794,-3.04
229,IutZs1uWRuM,글쓴이가p2p가 불법 이란거 인지 못하고 쓴글 같은데 왜 풀발기해서 달려들지?ㅋ,"['글', '쓴이가', 'p', '2', 'p', '가', '불법', '이란', '거', '인지', '못', '하고', '쓴', '글', '같은데', '왜', '풀', '발기', '해서', '달려들지']",-4.027125655341154,-1.75
230,IutZs1uWRuM,딱히 혼자조용히 보면 뭐라할사람도없는데 굳이 게임이나 영화나 티내면서 나불법으로 ~~해야지 하는쉐리들은 뭔 심보인지,"['딱히', '혼자', '조용히', '보면', '뭐라', '할', '사람', '도', '없는데', '굳이', '게임', '이나', '영화', '나', '티', '내면', '서', '나', '불법', '으로', '해야지', '하는', '쉐리', '들', '은', '뭔', '심보', '인지']",-4.62454207158016,-1.89
231,IutZs1uWRuM,딱 그정도 인생,"['딱', '그', '정도', '인생']",-0.2561358534832279,-0.16
232,IutZs1uWRuM,돈 내고 본 다음에 다운 받으세요.. 최소한 그정도 양심은 좀 있어야...,"['돈', '내고', '본', '다음', '에', '다운', '받으세요', '최소한', '그', '정도', '양심', '은', '좀', '있어야']",0.03524424565313333,0.02
233,IutZs1uWRuM,응 배급사 담합 꺼져,"['응', '배급사', '담합', '꺼져']",0.8062340475110565,0.5
234,IutZs1uWRuM,넥플릭스가 이겼으면 좋겠다,"['넥플릭스', '가', '이겼으면', '좋겠다']",0.0,0.0
235,IutZs1uWRuM,돈내고먼저보라는건가 난 넷플릭스 로 먼저보고싶은데 ㅡㅡ,"['돈', '내', '고', '먼저', '보라', '는', '건가', '난', '넷플릭스', '로', '먼저', '보고싶은데']",0.2913800991363626,0.14
236,IutZs1uWRuM,Chris yu 내 뜨거운감자는 ㅠ.ㅠ,"['Chris', 'yu', '내', '뜨거운', '감자', '는']",0.0,0.0
237,VdwxyD9-vLc,옥동자 ㅋㅋㅋㅋㅋㅋ,['옥동자'],0.0,0.0
238,VdwxyD9-vLc,연상엽은 사랑입니다...❤️,"['연상엽', '은', '사랑', '입니다']",2.07740978241261,1.3
239,VdwxyD9-vLc,개돼지하마..보고싶다!보고싶다!<br>최우식기대..,"['개돼지', '하마', '보고싶다', '보고싶다', '최우식', '기대']",1.5475159526195892,0.87
240,VdwxyD9-vLc,봉테일은 봉준호??? 봉태규 생각 났음 ㅋㅋ 옥자에 봉태규 나오는 줄,"['봉테일', '은', '봉준호', '봉태규', '생각', '났음', '옥자', '에', '봉태규', '나오는', '줄']",-0.05755922869012342,-0.03
241,VdwxyD9-vLc,이번엔 목소리만 나오시네용~<br>잘보고갑니다^^,"['이번', '엔', '목소리', '만', '나오시네', '용잘', '보고', '갑니다']",1.196348193897183,0.63
242,VdwxyD9-vLc,현서 도준 옥자 ㅋㅋㅋ 살인의 추억은 향숙이~,"['현', '서', '도준', '옥자', '살인', '의', '추억', '은', '향', '숙이']",-0.8788331576195086,-0.44
243,CP2NOnRzELc,아무리 봐도 옥자는 돼지 와 하마의 퓨전 생명체 같음...,"['아무리', '봐도', '옥자', '는', '돼지', '와', '하마', '의', '퓨전', '생명체', '같음']",-0.13496901110273513,-0.07
244,CP2NOnRzELc,옥자 눈과 감정에 대한 평가가 마지막 씬의 저런 거였구나!,"['옥자', '눈', '과', '감정', '에', '대한', '평가', '가', '마지막', '씬', '의', '저런', '거', '였구나']",-0.13496901110273657,-0.06
245,CP2NOnRzELc,이거 잘안될커같은데 왠지....디워?,"['이', '거', '잘', '안될', '커', '같은데', '왠', '지', '디워']",1.213970316723748,0.62
246,CP2NOnRzELc,개보호단체 : 삼겹살 살살 녹는다!,"['개', '보호', '단체', '삼겹살', '살살', '녹는다']",0.5475159526195892,0.31
247,CP2NOnRzELc,흠.... 한반지님.....<br>저런  영화의 평도 자막을 다시는 건 어떤가요? <br>예를 들어<br><br>봉준호는 대단한 것을 만들었다.<br>콜리더<br><br>처럼 영화에 대한 기사평들도 해석을 하면 좋을것 같습니다.,"['흠', '한', '반지', '님', '저런', '영화', '의', '평', '도', '자막', '을', '다시는', '건', '어떤', '가요', '예', '를', '들어', '봉준호', '는', '대단한', '것', '을', '만들었다', '콜', '리더', '처럼', '영화', '에', '대한', '기', '사평', '들', '도', '해석', '을', '하면', '좋을것', '같습니다']",3.4384647371016435,1.33
248,CP2NOnRzELc,한반지 영화 예고편 처리장 <br>아하하...... 그런 사정이..... 그럼 뭐 괜찮습니다! 번역만 계속 해 주신다면야....,"['한', '반지', '영화', '예고편', '처리', '장', '아하하', '그런', '사정', '이', '그럼', '뭐', '괜찮습니다', '번역', '만', '계속', '해', '주신다면야']",-4.659786317233294,-2.07
249,CP2NOnRzELc,"예전에는 그런 단평들도 일일이 번역했었는데요.<br>언젠가부터 영화 홍보팀이 선별한 좋은 말들까지 굳이 번역할 필요가 있을까 싶어, 현재는 시간도 아낄 겸 전부 건너뛰고 있어요.","['예전', '에는', '그런', '단평', '들', '도', '일일이', '번역', '했었는데요', '언젠가', '부터', '영화', '홍보팀', '이', '선별', '한', '좋은', '말', '들', '까지', '굳이', '번', '역할', '필요', '가', '있을까', '싶어', '현재', '는', '시간', '도', '아낄', '겸', '전부', '건너', '뛰고', '있어요']",2.0451314416197577,0.8
250,CP2NOnRzELc,옥자 귀엽다ㅋㅋㅋ,"['옥자', '귀엽다']",2.1211668423804912,1.63
251,CP2NOnRzELc,잘 보았어요. ^^,"['잘', '보았어요']",1.0,0.77
252,CP2NOnRzELc,저거 뭔동물임?,"['저', '거', '뭔', '동물', '임']",-0.2561358534832279,-0.15
253,CP2NOnRzELc,마지막 겁나 슬플것 같은건 기분탓?,"['마지막', '겁나', '슬플것', '같은건', '기분', '탓']",0.0,0.0
254,CP2NOnRzELc,중간에 영어글들은 왜 번역 안해주시는건지?,"['중간', '에', '영어', '글', '들', '은', '왜', '번역', '안', '해주시는', '건지']",-0.5122717069664559,-0.25
255,CP2NOnRzELc,"정말 정말 기대됩니다....^.,^~~~~","['정말', '정말', '기대', '됩니다']",4.017622122826568,2.51
256,CP2NOnRzELc,뭔가 망작의 냄새가...,"['뭔가', '망작', '의', '냄새', '가']",0.0,0.0
257,CP2NOnRzELc,이런 게 진짜 예고편이라고 본다<br>궁금증을 자아내는 것<br>스파이더맨이나 요즘 헐리웃은 예고편에서 너무 많은 걸 보여준다,"['이런', '게', '진짜', '예고편', '이라고', '본다', '궁금증', '을', '자아내는', '것', '스파이더맨', '이나', '요즘', '헐리웃', '은', '예고편', '에서', '너무', '많은', '걸', '보여준다']",-1.0193789311164299,-0.44
258,CP2NOnRzELc,김진규 스파이더맨은 걱정안하셔도되요<br>딱보니까 500만은 가겠던디,"['김진규', '스파이더맨', '은', '걱정', '안', '하셔도', '되요', '딱', '보', '니까', '500만', '은', '가겠던디']",-3.059787659586045,-1.45
259,CP2NOnRzELc,김진규 마블은 빅픽쳐 장인이니까 뭐..,"['김진규', '마블', '은', '빅픽쳐', '장인', '이니까', '뭐']",0.0,0.0
260,CP2NOnRzELc,예고편 너무 불친절하게만든듯..,"['예고편', '너무', '불친절하게', '만든듯']",0.33612787730408034,0.21
261,CP2NOnRzELc,딱 봐도 극장개봉급 영화는 아닌듯..,"['딱', '봐도', '극장', '개봉', '급', '영화', '는', '아닌듯']",0.6743962263500698,0.35
262,CP2NOnRzELc,시사회로 봤는데 예고편보니까 또 눈물난다.. 넷플릭스로 보고 또 보고할 수 있다는 게 넘 좋네용,"['시사회', '로', '봤는데', '예고편', '보', '니까', '또', '눈물난다', '넷플릭스', '로', '보고', '또', '보고', '할', '수', '있다는', '게', '넘', '좋', '네', '용']",0.6840764869307285,0.29
263,CP2NOnRzELc,"옥자 바이럴 영상 올라온 거 부탁드려도 되나요ㅠ <a href=""https://youtu.be/wekE7oSO55w"">https://youtu.be/wekE7oSO55w</a>","['옥자', '바이럴', '영상', '올라온', '거', '부탁드려도', '되나요', 'httpsyoutubewekE', '7', 'oSO', '55', 'w']",0.12116684238049136,0.06
264,CP2NOnRzELc,옥자 삼겹살 굳,"['옥자', '삼겹살', '굳']",0.12116684238049136,0.08
265,CP2NOnRzELc,네이밍믿고 막던지네 ㅉㅉ,"['네', '이', '밍', '믿고', '막던지네']",1.0,0.59
266,CP2NOnRzELc,믿고보는 봉준호,"['믿고', '보는', '봉준호']",1.5475159526195892,1.05
267,CP2NOnRzELc,이름이 옥자임 포동이 토동이 바둑이 삼순이 등 많은 이름이있는데 왜 굳이 사람같은 이름을..?,"['이름', '이', '옥자', '임', '포동', '이', '토', '동이', '바둑이', '삼순', '이', '등', '많은', '이름이있는데', '왜', '굳이', '사람', '같은', '이름', '을']",0.1564110880336247,0.07
268,CP2NOnRzELc,OK ja 라는 말이 있더라구요? 또 주인공 여자애 이름이 미자라서 그런거같기두하구... 봐야 알겠네요,"['OK', 'ja', '라는', '말', '이', '있더라구요', '또', '주인공', '여자애', '이름', '이', '미자', '라서', '그런거', '같기두', '하구', '봐야', '알겠네요']",-0.2561358534832279,-0.11
269,CP2NOnRzELc,한윤성 그래야 감성팔이가 더 잘 먹히기 때문,"['한윤성', '그', '래야', '감성', '팔이', '가', '더', '잘', '먹히기', '때문']",2.898683711341997,1.45
270,CP2NOnRzELc,응 상영 안해 ㅅㄱ 못봐,"['응', '상영', '안해', '못', '봐']",0.392696387794363,0.23
271,CP2NOnRzELc,넷플릭스 체험판 ㄱㄱ,"['넷플릭스', '체험판']",0.5475159526195905,0.42
272,CP2NOnRzELc,이마블 넷플릭스에서 다 제작한거고 넷플릭스오리지널이라 넷플에서 볼 수있는데...ㅋㅋ 3대극장빼고 개인극장에선 거의하고,"['이', '마블', '넷플릭스', '에서', '다', '제', '작', '한', '거', '고', '넷플릭스', '오', '리지', '널', '이라', '넷플', '에서', '볼', '수', '있는데', '3', '대극장', '빼고', '개인', '극장', '에선', '거의', '하고']",-3.3555068084205093,-1.37
273,CP2NOnRzELc,옥자야... 넌 맛도 최고였어...,"['옥자', '야', '넌', '맛', '도', '최고', '였어']",2.1211668423804912,1.15
274,CP2NOnRzELc,봉8맨??,"['봉', '8', '맨']",0.0,0.0
275,CP2NOnRzELc,음악 오리지널 사운드트랙인가요?? 혹시 아시는분?,"['음악', '오', '리지', '널', '사운드트랙', '인가요', '혹시', '아시', '는', '분']",-0.5122717069664559,-0.26
276,CP2NOnRzELc,Scala &amp; Kolacny Brothers - Piggy,"['Scala', 'amp', 'Kolacny', 'Brothers', 'Piggy']",0.0,0.0
277,CP2NOnRzELc,모처럼 번역할거리가 거의 없는 영상이군요 ㅋㅋㅋ,"['모처럼', '번역', '할', '거리', '가', '거의', '없는', '영', '상이', '군', '요']",-1.5720593665525007,-0.77
278,CP2NOnRzELc,옥뜰아!,"['옥뜰', '아']",0.0,0.0
279,CP2NOnRzELc,옥자야!,"['옥자', '야']",0.12116684238049136,0.09
280,CP2NOnRzELc,한국 감독의 이름이 브랜드처럼 저렇게 자신있게 나오는게  너무 멋있다,"['한국', '감독', '의', '이름', '이', '브랜드', '처럼', '저렇게', '자신있게', '나오는게', '너무', '멋있다']",5.118455418569745,2.46
281,CP2NOnRzELc,으ㅓㅏㅏ아아아ㅏㅏ아<br>아아아ㅏ!!!!!!!!!!!!!😫😫😫😫😫😫😫<br>빨리 보꼬시포요,"['으아아', '아아', '아아', '아', '빨리', '보꼬시포', '요']",-0.2561358534832279,-0.14
282,cCmMKT8OaWM,통통티비 멋져부러 근데 자막은??,"['통통', '티비', '멋져', '부러', '근데', '자막', '은']",-0.2561358534832279,-0.14
283,yjh1NC8bBSg,스티븐연 볼수있어서 좋다ㅜㅜ,"['스티븐', '연', '볼수있어서', '좋다']",3.139779683406897,1.96
284,yjh1NC8bBSg,저도요 ㅠㅠㅠㅠ,"['저', '도', '요']",0.0,0.0
285,yjh1NC8bBSg,오빠...챙겨볼테니까 죽디만마... 심장 쫄려서 못 보겠어ㅠㅠㅠㅠㅠㅠ,"['오빠', '챙겨', '볼테니까', '죽디', '만마', '심장', '쫄려', '서', '못', '보겠어']",0.0,0.0
286,yjh1NC8bBSg,+김수연 ㅜㅜㅜㅜ 여기서는 해피엔딩이길!,"['김수연', '여기', '서는', '해피엔딩', '이길']",0.0,0.0
287,yjh1NC8bBSg,스티븐연!!!!,"['스티븐', '연']",1.1397796834068974,0.88
288,yjh1NC8bBSg,+정인성 ㅋㅋㅋ 꼭 봐야죠,"['정인성', '꼭', '봐야죠']",0.0,0.0
289,yjh1NC8bBSg,스티븐 연 때문에 봐야겠어요ㅋㅋ,"['스티븐', '연', '때문', '에', '봐야겠어요']",2.490947442129305,1.47
290,yjh1NC8bBSg,+민경문 ㅋㅋㅋ 워데팬들 총집합!,"['민경', '문', '워데팬', '들', '총', '집합']",-0.2561358534832279,-0.14
291,yjh1NC8bBSg,저 진짜 혼자라도 볼거에요 완전 내 관심사가 모여있다 😲😲 근데 슬플것 같애서ㅠㅠ,"['저', '진짜', '혼자', '라도', '볼거에요', '완전', '내', '관심사', '가', '모여있다', '근데', '슬플것', '같', '애', '서']",-1.3159235130692728,-0.6
292,yjh1NC8bBSg,+도레미파솔라시우민 ㅋㅋㅋㅋ 감동코드가 막~! 들어가있을듯 합니다ㅋㅋ,"['도레미', '파솔', '라', '시우민', '감동', '코드', '가', '막', '들어가있을듯', '합니다']",1.743864146516775,0.87
293,yjh1NC8bBSg,그렇게 좀비바이러스를 피하고 옥자를 구하게 되는데...ㅋㅋㅋㅋㅋㅋㅋㅋㅋㅋㅋㅋ 아 글렌 보고싶다,"['그렇게', '좀비', '바이러스', '를', '피하', '고', '옥자', '를', '구', '하게', '되는데', '아', '글렌', '보고싶다']",-2.296072959346786,-1.07
294,yjh1NC8bBSg,ㅋㅋㅋㅋㅋㅋㅋㅋㅋㅋㅋㅋㅋ 좀비 바이러스 ㅋㅋㅋㅋ,"['좀비', '바이러스']",-1.0,-0.77
295,yjh1NC8bBSg,"글렌이 비정상회담에도 출연한다고 하더라구요,너무 기대하고 있어요..오늘도 꼼꼼한 해설잘보고 갑니다!!!수고하셨어요!!","['글렌', '이', '비정상회담', '에도', '출연', '한다고', '하더라구요', '너무', '기대하고', '있어요', '오늘', '도', '꼼꼼한', '해설', '잘', '보고', '갑니다수고하셨어요']",5.627507976440442,2.52
296,yjh1NC8bBSg,그래 <br>글쎄요?예고에 나왔는데 녹화분이 밀려있으면 언제 방송될지는 잘모르겠네요.전 이주후쯤 예상해봅니다.,"['그래', '글쎄요', '예고', '에', '나왔는데', '녹화', '분', '이', '밀려있으면', '언제', '방송', '될지는', '잘', '모르겠', '네', '요전', '이', '주', '후', '쯤', '예상', '해봅니다']",1.5475159526195892,0.66
297,yjh1NC8bBSg,이쫄이엄마 오....꼭본다 몇화에용?,"['이', '쫄', '이', '엄마', '오', '꼭', '본다', '몇', '화', '에', '용']",-2.0,-0.98
298,yjh1NC8bBSg,글렌 내한해서 열일하고 가는 것 같습니다 ㅎㅎ 영상 재밌게 봐주셔서 감사합니다 ~!,"['글렌', '내한', '해서', '열', '일', '하고', '가는', '것', '같습니다', '영상', '재밌게', '봐주셔서', '감사합니다']",0.5801779568644831,0.27
299,yjh1NC8bBSg,저도 이번 영화 예고편 보고 주인공들 찾아봤는데 다들 존잘러....ㅋㅋㅋㅋ 스티븐 연도 좋은데 저는 폴 다노 에게 눈이 더 가네요...ㅋㅋㅋㅋㅋ🙈🙈🙈,"['저', '도', '이번', '영화', '예고편', '보고', '주인공', '들', '찾아봤는데', '다', '들', '존', '잘러', '스티븐', '연도', '좋은데', '저', '는', '폴', '다노', '에게', '눈', '이', '더', '가네요']",2.3081885862093316,0.96
300,yjh1NC8bBSg,아 안그래도 폴 다노 얘기 많더군요 ㅋㅋㅋㅋ 진짜 존잘러!,"['아', '안', '그래도', '폴', '다노', '얘기', '많더군요', '진짜', '존', '잘러']",0.0,0.0
301,yjh1NC8bBSg,오 이건꼭봐야겠네,"['오', '이건', '꼭', '봐야겠네']",0.0,0.0
302,yjh1NC8bBSg,필름에빠지다 대한극장이 머여요??,"['필름', '에', '빠지다', '대', '한', '극장', '이', '머', '여요']",0.5475159526195921,0.28
303,yjh1NC8bBSg,ㅎㅎ 대한극장 가서 봐야죠 ~,"['대', '한', '극장', '가서', '봐야죠']",0.5475159526195921,0.32
304,yjh1NC8bBSg,옥끄,"['옥', '끄']",0.0,0.0
305,yjh1NC8bBSg,매기가 이 영상을 좋아합니다,"['매기', '가', '이', '영상', '을', '좋아합니다']",0.0,0.0
306,yjh1NC8bBSg,ㅋㅋㅋㅋ 매기도 기다릴 영화 !,"['매기', '도', '기다릴', '영화']",0.22819656238847952,0.14
307,yjh1NC8bBSg,이영화 작년부터 스티븐연 때문에 오랫동안 기다렸는데 개봉이 얼마남지 않아서 기분이 되게 좋네요,"['이영화', '작년', '부터', '스티븐', '연', '때문', '에', '오랫동안', '기다렸는데', '개봉', '이', '얼마', '남지', '않아서', '기분', '이', '되게', '좋네요']",1.0737076404020303,0.48
308,yjh1NC8bBSg,그러게요 ㅎㅎ 드디어 2주 앞으로 다가왔습니다~,"['그러게요', '드디어', '2', '주', '앞', '으로', '다가왔습니다']",-0.5896814893790661,-0.32
309,yjh1NC8bBSg,"스티븐 연이라는 이름보다 이제 글렌이 더 익숙해,,♡","['스티븐', '연', '이라는', '이름', '보다', '이제', '글렌', '이', '더', '익숙해']",0.7049177588530519,0.35
310,yjh1NC8bBSg,그러게요 ㅎㅎ 그냥 스티븐 연이 아니라 글렌 같아요 ~,"['그러게요', '그냥', '스티븐', '연', '이', '아니라', '글렌', '같아요']",1.1750239290600308,0.62
311,yjh1NC8bBSg,필빠님 나레이션에 집중력 최고치👍 저도 영화를  좋아하는 1인으로써 늘 영상 잘보고있습니다!!🙆,"['필빠님', '나레이션', '에', '집중', '력', '최고', '치', '저', '도', '영화', '를', '좋아하는', '1', '인', '으로써', '늘', '영상', '잘', '보고있습니다']",5.519576661524841,2.42
312,yjh1NC8bBSg,ㅎㅎ 좋은 말씀 해주셔서 감사합니다! 앞으로도 더 재미난 컨텐츠 만들 수 있도록 노력할게요 ~!!,"['좋은', '말씀', '해주셔서', '감사합니다', '앞', '으로도', '더', '재미', '난', '컨텐츠', '만들', '수', '있도록', '노력', '할게요']",3.743864146516772,1.72
313,yjh1NC8bBSg,스티븐 연 나쁜 쪽이면 되게 귀요미 악당이였을듯 ㅎㅎ,"['스티븐', '연', '나쁜', '쪽', '이', '면', '되게', '귀요미', '악당', '이', '였을듯']",-1.1761438296623759,-0.58
314,yjh1NC8bBSg,ㅋㅋㅋㅋㅋㅋㅋㅋㅋㅋㅋㅋㅋ 안무서운 악당 ㅋㅋㅋㅋ 귀요미 악당 ㅋㅋㅋㅋ,"['안', '무서운', '악당', '귀요미', '악당']",-1.0,-0.59
315,yjh1NC8bBSg,글렌 때문에 봐야징😆😆😆😆,"['글렌', '때문', '에', '봐야', '징']",1.642547857858769,0.97
316,yjh1NC8bBSg,ㅋㅋㅋ 워데팬들 완전 기대감 장전!,"['워데팬', '들', '완전', '기', '대감', '장전']",-1.059787659586045,-0.6
317,yjh1NC8bBSg,스티븐ㅠㅜㅜㅠㅠ 스크린에서 보고싶어요ㅠㅠㅠㅠㅠㅠ,"['스티븐', '스크린', '에서', '보고싶어요']",1.1423619248151367,0.71
318,yjh1NC8bBSg,"저도요 !!!! 대한극장, 서울극장 등에서 상영한다고 하니 잘 찾아보고 가야겠습니다 ㅠ","['저', '도', '요', '대', '한', '극장', '서울', '극장', '등', '에서', '상영', '한다고', '하니', '잘', '찾아보고', '가야겠습니다']",1.9427945818221946,0.88
319,yjh1NC8bBSg,필빠님!조금 뜬금없지만 워킹데드 vr 체험 한번 해보세요! 방금해봤는데 재밌었어욬ㅋㅋㅋㅋ vr walking dead 키워드로 검색하면 나옵니다.,"['필빠', '님', '조금', '뜬금', '없지만', '워킹데드', 'vr', '체험', '한번', '해보세요', '방금', '해봤는데', '재밌었어', '욬', 'vr', 'walking', 'dead', '키', '워드', '로', '검색', '하면', '나옵니다']",0.5500981940278287,0.23
320,yjh1NC8bBSg,헐 그건 뭐죸ㅋㅋㅋㅋㅋㅋㅋㅋㅋㅋ 뭔가 무서울거 같은......ㅋㅋ,"['헐', '그건', '뭐죸', '뭔가', '무서울거', '같은']",0.0,0.0
321,yjh1NC8bBSg,봉준호감독 영화 정말 좋아하는데 거기에 좋아하는 배우들이 대거 출연하니 정말 꼭 봐야겠어요 필빠님 영상도 잘봤습니다 ~~,"['봉준호', '감독', '영화', '정말', '좋아하는데', '거기', '에', '좋아하는', '배우', '들', '이', '대거', '출연', '하니', '정말', '꼭', '봐야겠어요', '필빠님', '영상', '도', '잘', '봤습니다']",6.795916879242876,2.9
322,yjh1NC8bBSg,ㅎㅎ 저도 봉준호 감독님 영화 엄청 좋아해요 ~ 이 영화 엄청 기대됩니다 ㅎ,"['저', '도', '봉준호', '감독', '님', '영화', '엄청', '좋아해요', '이', '영화', '엄청', '기대', '됩니다']",3.599568685345693,1.7
323,yjh1NC8bBSg,미란도는 슈퍼돼지를 만들다가 좀비바이러스를 만들어버리게 되고 케이가 옥자와 미자를 구하려하지만 실패하고 애틀란타에서 생존자들을 구하기 시작한다.,"['미란', '도', '는', '슈퍼', '돼지', '를', '만들다가', '좀비', '바이러스', '를', '만들어', '버리게', '되고', '케이', '가', '옥자', '와', '미자', '를', '구', '하려하지만', '실패하고', '애틀란타', '에서', '생존자', '들', '을', '구', '하기', '시작', '한', '다']",-3.55026347910929,-1.42
324,yjh1NC8bBSg,필름에빠지다 케이는 메기를 만나게 되어..,"['필름', '에', '빠지다', '케이', '는', '메기', '를', '만나게', '되어']",-0.2561358534832279,-0.13
325,yjh1NC8bBSg,흠...자신만의 목적을 위해 착한일을하는 단체..  흥미롭네요 솔직히 완전 악한 역을 하는 스티브 연도 궁금하지만 일단 스티븐연이라면 무조건 볼생각이에요 ㅎㅎ,"['흠', '자신', '만의', '목적', '을', '위해', '착한', '일을하는', '단체', '흥미롭네요', '솔직히', '완전', '악한', '역', '을', '하는', '스티브', '연도', '궁금하지만', '일단', '스티븐', '연', '이', '라면', '무조건', '볼', '생각', '이에요']",-4.955811730916506,-2.03
326,yjh1NC8bBSg,ㅋㅋㅋㅋ 스티븐 연이 과연 어떤 모습으로 나올지 궁금합니다!,"['스티븐', '연', '이', '과연', '어떤', '모습', '으로', '나올지', '궁금합니다']",0.29396234054460346,0.15
327,yjh1NC8bBSg,롯데시네마에서 보기를 계속 기대해왔는데ㅠㅠ어떻게 볼지 아직 모르겠네요ㅜ아 그나저나 필빠님 오늘 레드카펫 안가셨나요??저도 오늘 가려다가 학생인지라..,"['롯데', '시네마', '에서', '보기', '를', '계속', '기대', '해왔는데', '어떻게', '볼', '지', '아직', '모르겠네요', '아', '그나저나', '필빠님', '오늘', '레드카펫', '안', '가셨나요', '저', '도', '오늘', '가려다가', '학생', '인지', '라']",-0.2359314892484231,-0.1
328,yjh1NC8bBSg,필름에빠지다 코믹콘때 만나면 꼭 인사드릴게요!!그때 사진찍어주세요ㅎㅎ😆,"['필름', '에', '빠지다', '코믹콘', '때', '만나면', '꼭', '인사', '드릴게요', '그때', '사진', '찍어주세요']",-0.2561358534832279,-0.12
329,yjh1NC8bBSg,가고 싶었는데 일 때문에 못 갔어요 ㅠㅠㅠ 엉엉 ㅠㅠㅠ,"['가고', '싶었는데', '일', '때문', '에', '못', '갔어요', '엉엉']",1.3511677587224076,0.71
330,yjh1NC8bBSg,글렌 엉엉~ ㅠㅠ<br>진짜 울뻔했어요...,"['글렌', '엉엉', '진짜', '울', '뻔했어요']",0.5475159526195892,0.32
331,yjh1NC8bBSg,ㅠㅠㅠㅠㅠㅠㅠㅠ 예고편에 등장했을 때 소름이 쫙 !,"['예고편', '에', '등장', '했을', '때', '소름', '이', '쫙']",-3.059787659586045,-1.61
332,yjh1NC8bBSg,안그래도 궁금했던영화인데 스티븐연나온다니 더 봐야겠네요!,"['안', '그래도', '궁금했던', '영화', '인데', '스티븐', '연', '나온다니', '더', '봐야겠네요']",1.1118403923121492,0.56
333,yjh1NC8bBSg,저도요 ㅎㅎ 스티븐 연 때문이라도 꼭 볼겁니다 ㅋ,"['저', '도', '요', '스티븐', '연', '때문', '이라도', '꼭', '볼', '겁니다']",1.978675735162849,0.99
334,yjh1NC8bBSg,이영화꼭볼꺼 스티븐연때문에 글렌 ㅠㅠㅠ 돌아와!!!!!,"['이영화', '꼭', '볼꺼', '스티븐', '연', '때문', '에', '글렌', '돌아와']",2.782327541265666,1.42
335,yjh1NC8bBSg,저도 스티븐 연 때문이라도 꼭 볼거에요 ㅎ,"['저', '도', '스티븐', '연', '때문', '이라도', '꼭', '볼거에요']",2.234811588646077,1.17
336,yjh1NC8bBSg,왠지 여기서도 중요할때 희생하는 역할일거같아... 바보청년 ㅠ,"['왠지', '여기서도', '중요할', '때', '희생', '하는', '역할', '일거', '같아', '바보', '청년']",-2.8432351014540544,-1.39
337,yjh1NC8bBSg,바보 연두부 ㅠㅠㅠㅠ,"['바보', '연', '두부']",-2.0,-1.35
338,yjh1NC8bBSg,바보 ㅠㅠㅠㅠㅠㅠㅠㅠㅠㅠㅠㅠㅠㅠ,['바보'],-2.0,-2.0
339,yjh1NC8bBSg,스티븐 연!!!!!!! 보고 싶었어요 ㅠㅠ,"['스티븐', '연', '보고', '싶었어요']",2.3361278773040803,1.46
340,yjh1NC8bBSg,저도요 ㅠㅠㅠㅠ 이렇게라도 볼 수 있다니!,"['저', '도', '요', '이렇게라도', '볼', '수', '있다니']",0.0,0.0
341,yjh1NC8bBSg,이번 영화를 계기로 한국에도 스티븐 연이 널리 알려졌으면 좋겠네요. 물론 이미 충분히 알려졌지만 ㅎㅎ,"['이번', '영화', '를', '계기', '로', '한국', '에도', '스티븐', '연', '이', '널리', '알려졌으면', '좋겠네요', '물론', '이미', '충분히', '알려졌지만']",4.814175909756962,2.16
342,yjh1NC8bBSg,ㅋㅋㅋㅋ 그러게요~! 한국에서도 대스타가 되라 !,"['그러게요', '한국', '에서도', '대', '스타', '가', '되라']",1.3511677587224062,0.73
343,yjh1NC8bBSg,스티븐연..좀비는싫었는가벼..이쪽으로오게..,"['스티븐', '연', '좀비', '는', '싫었는', '가벼이', '쪽', '으로', '오게']",0.5500981940278313,0.28
344,yjh1NC8bBSg,ㅋㅋㅋㅋㅋㅋ 다시 넘어오게나....,"['다시', '넘어오게나']",-0.589681489379069,-0.45
345,yjh1NC8bBSg,우리 스티븐 연 웃을떼 글렌인줄  그리고 케이라 이름이 마음에들군<br>다행인건 착한역할 이라서 휴<br>미란도쪽이면 😅😅😅,"['우리', '스티븐', '연', '웃', '을', '떼', '글렌인줄', '그리고', '케이', '라', '이름', '이', '마음', '에', '들군', '다행', '인', '건', '착한', '역할', '이라서', '휴', '미란', '도', '쪽', '이', '면']",3.4216562500286756,1.41
346,yjh1NC8bBSg,ㅋㅋㅋㅋㅋ 스티븐 연의 이미지와 어울리는듯 해요 ~,"['스티븐', '연', '의', '이미지', '와', '어울리는듯', '해', '요']",-0.8602203165931026,-0.45
347,yjh1NC8bBSg,아이쒸!!!! 스티브연!!!  글렌생각나잖아<br>ㅠㅠㅠㅠㅠㅠ,"['아이', '쒸', '스티브', '연', '글렌', '생각나잖아']",0.29138009913636126,0.16
348,yjh1NC8bBSg,ㅎㅎ 글렌!,['글렌'],0.5475159526195892,0.55
349,yjh1NC8bBSg,필빠님 글렌님 닮음!,"['필빠님', '글렌님', '닮음']",0.0,0.0
350,yjh1NC8bBSg,ㅋㅋㅋㅋ 감사합니다 ~!,['감사합니다'],0.0,0.0
351,yjh1NC8bBSg,저이거꼭볼꺼에요,"['저', '이', '거꼭', '볼꺼에요']",0.0,0.0
352,yjh1NC8bBSg,ㅋㅋㅋㅋ 저도요 ~ 넷플릭스 회원권이 이럴 때 유용하네요!,"['저', '도', '요', '넷플릭스', '회원', '권', '이', '이럴', '때', '유용하네요']",0.5475159526195905,0.27
353,WYPmhK3f8j8,많은 생각을 하게 합니다. 인간이 동물에게 가하는 행위에 대해서,"['많은', '생각', '을', '하게', '합니다', '인간', '이', '동물', '에게', '가하는', '행위', '에', '대해', '서']",-3.6142249033119747,-1.68
354,WYPmhK3f8j8,말 정말 조리있게 잘한다 역시 봉감독님!,"['말', '정말', '조리', '있게', '잘', '한다', '역시', '봉', '감독', '님']",4.567720316854394,2.28
355,WYPmhK3f8j8,인간의 높은 지능이 다른 동물에게는 재앙이다.,"['인간', '의', '높은', '지능', '이', '다른', '동물', '에게는', '재앙', '이다']",-3.0817488321107134,-1.54
356,WYPmhK3f8j8,인터뷰만 들어도 너무 충격적이다. 앞으로 고기먹기전에 무조건 생각날것 같아....,"['인터뷰', '만', '들어도', '너무', '충격', '적', '이다', '앞', '으로', '고기', '먹기전에', '무조건', '생각날것', '같아']",-1.9772133943569474,-0.92
357,WYPmhK3f8j8,보면 분명히 눈물 나겠다...ㅡㅡ;;;,"['보면', '분명히', '눈물', '나겠다']",-1.5148539483746952,-0.95
358,WYPmhK3f8j8,옥자 넘나 기대되는 것...,"['옥자', '넘나', '기대', '되는', '것']",1.0790013056210115,0.64
359,WYPmhK3f8j8,안타까운 현실에 대한 깊이 있는<br>설명.. 생명에 대한 존엄성 존재<br>이유 목적 인간이 동물을 대하는<br>자세 현실에서의 우리들은 어떤<br>위치에 있는지에 대한 생각들<br>참 복잡한 마음을 갖게 합니다<br>아름답지 못한것들을 만나게되면<br>결국 아름답지 못한 모습들 속에서<br>살아가 질수밖에 없는것이 당연한일<br>현실이 잔인한것이라면 그렇게 되게<br>만든것도 우리들이라고 생각 합니다<br>아픔일수밖에 없는 지금은 우리들이<br>만든 과거이며 현재이고 미래입니다<br>더이상 현재와 미래를 아프게보낼수<br>없으며 이제라도 달라진 모습이되어<br>세상과 내가 하나 되려는 노력이필요<br>합니다♡♡♡♡♡♡♡♡♡♡♡♡<br>우리는 진심으로 달라져야합니다♡,"['안타까운', '현실', '에', '대한', '깊이', '있는', '설명', '생명', '에', '대한', '존엄성', '존재', '이유', '목적', '인간', '이', '동물', '을', '대하', '는', '자세', '현실', '에서의', '우리', '들', '은', '어떤', '위치', '에', '있는지에', '대한', '생각', '들참', '복잡한', '마음', '을', '갖게', '합니다', '아름답지', '못', '한', '것', '들', '을', '만나게되', '면결', '국', '아름답지', '못', '한', '모습', '들', '속', '에서', '살아가', '질수밖에', '없는것이', '당연한', '일', '현실', '이', '잔인한것이라면', '그렇게', '되게', '만든것도', '우리', '들', '이라고', '생각', '합니다', '아픔', '일수', '밖에', '없는', '지금', '은', '우리', '들', '이만', '든', '과거', '이며', '현재', '이고', '미래', '입니다', '더', '이상', '현재', '와', '미래', '를', '아프게', '보낼수', '없으며', '이제', '라도', '달라진', '모습', '이', '되어세', '상과', '내', '가', '하나', '되려는', '노력', '이', '필요합니다', '우리', '는', '진심', '으로', '달라져', '야합니다']",-18.638207925726775,-6.09
