	Unnamed: 0	id	sentence	comment_cut	score	ratio
0	0	QS_AZvv-tYY	예고편에 낚였다.기대했었다 관상 참 재미있게 봤는데.	['예고편', '에', '낚', '였다', '기대했었다', '관상', '참', '재미있게', '봤는데']	3.256810997093728	1.67
1	1	QS_AZvv-tYY	영화소개 프로그램에서 나오는거 보고 재밌겠다 하고 봤는데 영화프로그램에 나온게 액기스 끝이야..<br>영화보다 잠든게 3년만인거 같다.	['영화', '소개', '프로그램', '에서', '나오는거', '보고', '재밌겠다', '하고', '봤는데', '영화', '프로그램', '에', '나온게', '액기스', '끝', '이야', '영화', '보다', '잠든게', '3년', '만인거', '같다']	0.4646417073817513	0.2
2	2	QS_AZvv-tYY	가볍게 보기 좋은 영화라 이거군요	['가볍게', '보기', '좋은', '영화', '라', '이거군요']	0.217130764887002	0.12
3	3	QS_AZvv-tYY	보기가 힘들어서 뒤척이다 잠듬ㅋ	['보기', '가', '힘들어서', '뒤척', '이다', '잠듬']	-1.6949536242991117	-0.95
4	4	QS_AZvv-tYY	절대 보지 말아야 겠군요.. 좋은 감상평 감사합니다.	['절대', '보지', '말아야', '겠군요', '좋은', '감상', '평', '감사합니다']	2.6549611950860017	1.4
5	5	QS_AZvv-tYY	돈 아깝고 시간 아깝고 재미도 없다.	['돈', '아깝고', '시간', '아깝고', '재미', '도', '없다']	-0.02252646140106407	-0.01
6	6	QS_AZvv-tYY	포장을 벗기는 속시원한 리뷰  잘 봤습니다	['포장', '을', '벗기는', '속', '시원', '한', '리뷰', '잘', '봤습니다']	1.6252452731877924	0.83
7	7	QS_AZvv-tYY	보는내내 이승기표정이었습니다.	['보는내내', '이승기', '표정', '이었습니다']	0.6899701668910818	0.43
8	8	QS_AZvv-tYY	딱 봐도 배우 얼굴빨로만 밀어 붙이는 영화네요 리뷰에 나오는 영상 몇 초만봐도 영화가 얼마나 지루한지 알겠네요  이런 영화가 어떻게 역학 3부작이라는 이름으로 관상에 빌붙어서 나올 수 있는지 ㅡㅡ; 관상은 진중하고 무게감이 있는 영화인데 후속편이 뜬금없이 코미디? 갑자기 &quot;지랄하고 자빠졌네~&quot;라는 뿌리깊은 나무 한석규의 대사가 떠오르는 군요	['딱', '봐도', '배우', '얼굴', '빨', '로만', '밀어', '붙이는', '영화', '네', '요', '리뷰', '에', '나오는', '영상', '몇', '초', '만', '봐도', '영화', '가', '얼마나', '지루한지', '알겠네요', '이런', '영화', '가', '어떻게', '역학', '3', '부작', '이라는', '이름', '으로', '관상', '에', '빌붙어서', '나올', '수', '있는지', '관상', '은', '진중하고', '무게', '감', '이', '있는', '영화', '인데', '후속', '편이', '뜬금없이', '코미디', '갑자기', 'quot', '지랄', '하고', '자빠졌네', 'quot', '라는', '뿌리', '깊은', '나무', '한석규', '의', '대사', '가', '떠오르는', '군요']	0.3659832178242983	0.13
9	9	QS_AZvv-tYY	영화가 좀더 개연성?이 있게 만들어졋으면 더 재밋었을텐ㄷ 아쉬운영화에용	['영화', '가', '좀더', '개연', '성', '이', '있게', '만들어', '졋으', '면', '더', '재밋었을텐', '아쉬운', '영화', '에', '용']	0.1191249365038718	0.05
10	10	QS_AZvv-tYY	연우진보러갔다정말연우진만보고옴	['연우진', '보러', '갔다', '정말', '연우진', '만', '보고옴']	0.0995408995519378	0.05
11	11	QS_AZvv-tYY	내 예감이 맞았다.....조선명탐정도 그랬고 아 이거 망하겠구나 별로겠구나 생각했어요.! 안본 나 칭찬해!	['내', '예감', '이', '맞았다', '조선', '명탐정', '도', '그랬고', '아', '이', '거', '망하겠구나', '별로', '겠구나', '생각', '했어요', '안', '본', '나', '칭찬', '해']	-4.974083917794714	-2.14
12	12	QS_AZvv-tYY	ㅋㅋㅋㅋㅋㅋ어쩜 이렇게 나노단위로 잘 까나요?ㅋㅋㅋㅋ구독 누르고 갑니당... 저는 재밌게 봤는데...그 이유가 상큼하고, 색감이 화사하며 멋진 배우가 나온다는점...전 생각없이 보는 영화를 좋아해서요! ㅋㅋㅋ근데...이 영화는 저보다 더 생각없이 만든 것 같긴 해옄ㅋㅋㅋㅋ감독이 봤음 좋겠어요. 좋은 소재를 가지고 이 정도 밖에 못 만든게... 아무튼 잘 보고 가요~	['어쩜', '이렇게', '나노', '단위', '로', '잘', '까나요', '구독', '누르고', '갑니당', '저', '는', '재밌게', '봤는데', '그', '이유', '가', '상큼', '하고', '색감', '이', '화사하며', '멋진', '배우', '가', '나온다는', '점전', '생각', '없이', '보는', '영화', '를', '좋아해서요', '근', '데이', '영화', '는', '저', '보다', '더', '생각', '없이', '만든', '것', '같긴', '해옄감독', '이', '봤음', '좋겠어요', '좋은', '소재', '를', '가지', '고', '이', '정도', '밖에', '못', '만든게', '아무튼', '잘', '보고', '가요']	8.090837243139518	2.89
13	13	QS_AZvv-tYY	역시 리승기영화는 좆망이 꿀잼이지	['역시', '리승기', '영화', '는', '좆망', '이', '꿀잼', '이지']	1.010090217569247	0.53
14	14	QS_AZvv-tYY	내가 뭘 잘못봤나...영조시대라고...? 그냥 아들도 아니고 세자를 죽여서 그게 실록에 남은 왕이...옹주를 실록에서 삭제해줬다고...?? 역사를 바탕으로 만들어도 허구가 정도가 있다...감독은 진짜 뇌가 비었나보다	['내', '가', '뭘', '잘', '못', '봤나', '영조', '시대', '라고', '그냥', '아들', '도', '아니고', '세자', '를', '죽', '여서', '그게', '실록', '에', '남은', '왕', '이', '옹주', '를', '실록', '에서', '삭제', '해줬다고', '역사', '를', '바탕', '으로', '만들어도', '허구', '가', '정도', '가', '있다', '감독', '은', '진짜', '뇌', '가', '비었나보다']	2.733429253089401	1.03
15	15	QS_AZvv-tYY	진짜 대본 누가 썼는지 ㅋㅋㅋㅋ<br>누가 올린 네이버 평점에 &quot;관상을 기대했으나 리얼로 끝난영화&quot; 이게 정답인듯, 사실 재미면에서는 리얼보다 못한듯 합니다	['진짜', '대본', '누가', '썼는지', '누가', '올린', '네이버', '평점', '에', 'quot', '관상', '을', '기대했으나', '리얼', '로', '끝난', '영화', 'quot', '이', '게', '정답', '인', '듯', '사실', '재미', '면', '에서는', '리얼', '보다', '못', '한듯', '합니다']	3.390147279954136	1.35
16	16	QS_AZvv-tYY	이 영상보고 제 생각이랑 완전 똑같아서 구독하고갑니다	['이', '영상', '보고', '제', '생각', '이랑', '완전', '똑같아서', '구독', '하고', '갑니다']	0.034424962033529516	0.02
17	17	QS_AZvv-tYY	이 리뷰를 보고도 이승기 얼굴을 보기 위해 영화 보러 갔는데 음...친구들이랑 엄청 웃고 왔어욬ㅋㅋㅋㅋㅋㅋㅋㅋㅋ대사 오글거려서 애들이랑 눈물날 정도로 웃고 제가 다음 대사 뭐 나올지 얘기하면 바로 그 대사 나와서 또 웃고..ㅋㅋㅋㅋㅋㅋㅋㅋ여주도 연기 못하고...영화 색감이나 화면은 예뻤는데 그냥 웃었습니닿ㅎㅎㅎㅎ	['이', '리뷰', '를', '보고', '도', '이승기', '얼굴', '을', '보기', '위해', '영화', '보러', '갔는데', '음', '친구', '들', '이랑', '엄청', '웃고', '왔어', '욬', '대사', '오글거려서', '애', '들', '이랑', '눈물날', '정도', '로', '웃고', '제', '가', '다음', '대사', '뭐', '나올지', '얘기', '하면', '바로', '그', '대사', '나와서', '또', '웃고', '여주', '도', '연기', '못', '하고', '영화', '색감', '이나', '화면', '은', '예뻤는데', '그냥', '웃었', '습', '니', '닿']	3.9296525815076615	1.41
18	18	QS_AZvv-tYY	아 그리고 딱 관상을 봐도 이승기가 궁합보는일 안할것같은데ㅋㅋㅋㅋ	['아', '그리고', '딱', '관상', '을', '봐도', '이승기', '가', '궁합', '보는', '일', '안', '할것', '같은데']	-0.361519833171595	-0.17
19	19	QS_AZvv-tYY	어머님과 보고왔었습니다. 공짜티켓이였음에도 헛웃음이 나고 내 시간을 강탈당한 기분이였숩니다. 구구절절 공감돼서 너무 시원합니다. 심지어 저는 영상미도 못느끼겠더라구요ㅠㅠ그것조차 억지스럽고 애썼지만 편집이나 연출이 구*서;; 그리고 어머니는 중간에 잠깐 졸았다 깨셨고 진짜 별로라 말하면서 나왔었네요 후...	['어머님', '과', '보고왔었습니다', '공짜', '티켓', '이', '였음에도', '헛웃음', '이', '나고', '내', '시간', '을', '강탈', '당', '한', '기분', '이', '였', '숩', '니', '다', '구', '구', '절절', '공감', '돼서', '너무', '시원합니다', '심지어', '저', '는', '영상', '미도', '못', '느끼겠더라구요', '그것', '조차', '억지스럽고', '애썼지만', '편집', '이나', '연출', '이', '구서', '그리고', '어머니', '는', '중간', '에', '잠깐', '졸았다', '깨셨고', '진짜', '별로', '라', '말', '하면서', '나왔었네요', '후']	-7.8829529848190685	-2.84
20	20	QS_AZvv-tYY	노잼스멜나서 안봤는데 잘했네요. 궁합 속편 속궁합 나오면 영화관 찾아갈게요 ~	['노잼', '스', '멜나서', '안', '봤는데', '잘', '했네요', '궁합', '속편', '속궁합', '나오면', '영화관', '찾아갈게요']	-3.0819752096776236	-1.46
21	21	QS_AZvv-tYY	여러분 개봉연기한 영화들은 머다?	['여러분', '개봉', '연기', '한', '영화', '들', '은', '머', '다']	0.4407800583508443	0.23
22	22	QS_AZvv-tYY	킬링타임용으로도 보기 싫은영화~~	['킬링타임', '용', '으로도', '보기', '싫은', '영화']	-2.0396802322067247	-1.15
23	23	QS_AZvv-tYY	인생에서 사랑을 빼면 무엇이 남나요?? ㅋㅋㅋㅋㅋㅋ ㅆㅍ 내돈...	['인생', '에서', '사랑', '을', '빼면', '무엇', '이', '남나요', '내', '돈']	2.0754793669820693	1.04
24	24	QS_AZvv-tYY	내용보다도 연기가 심각..	['내용', '보다도', '연기', '가', '심각']	-0.1421964225645096	-0.08
25	25	QS_AZvv-tYY	이영화돈주고봤다가 잤어요ㅋㅋㅋㅋㅋㅋㅋ어이상실ㅜㅜ내돈아까워..	['이영화', '돈', '주고', '봤다가', '잤어요', '어이', '상실', '내', '돈', '아까워']	-0.18286670128046545	-0.09
26	26	QS_AZvv-tYY	이영화보고 심은경 대사치는게 너무 어색해서 처음듣자마자 ???????였죠ㅋㅋㅋㅋ	['이영화', '보고', '심은경', '대사', '치는게', '너무', '어색해서', '처음', '듣자마자', '였죠']	1.4609885670730551	0.73
27	27	QS_AZvv-tYY	오늘따라 화면 조정이 자주 나오네요ㅋㅋㅋ 역학 3부작이 있다는걸 처음 알았습니다 심은경씨ㅠㅠㅜ 수상한 그녀에서부터 일까, 그 전부터 일까... 좀 다른 이미지의 역을 맡았으면 좋겠어요 너무.. 많이 소비된거아닌가 싶네요ㅠ	['오늘', '따라', '화면', '조정', '이', '자주', '나오네요', '역학', '3', '부작', '이', '있다는걸', '처음', '알았습니다', '심은경', '씨', '수상한', '그녀', '에서부터', '일까', '그', '전', '부터', '일까', '좀', '다른', '이미지', '의', '역', '을', '맡았으면', '좋겠어요', '너무', '많이', '소비', '된거', '아닌가', '싶네요']	-2.1523454055687608	-0.83
28	28	QS_AZvv-tYY	공감됩니다..ㅋㅋㅋ극장에서봤는데 소재는 좋았는데 여러부분에서 안타까운ㅠㅠ	['공감', '됩니다', '극장', '에서', '봤는데', '소재', '는', '좋았는데', '여러', '부분', '에서', '안타까운']	-0.03355535195255865	-0.02
29	29	QS_AZvv-tYY	잘보고 있습니다.<br>감사합니다.	['잘', '보고', '있습니다', '감사합니다']	2.2393450292816808	1.4
30	30	QS_AZvv-tYY	팥 뺀 붕어빵	['팥', '뺀', '붕어빵']	0.0	0.0
31	31	QS_AZvv-tYY	여기 민호나온것도...	['여기', '민호', '나온것도']	0.049770449775969006	0.03
32	32	QS_AZvv-tYY	대단하시네요. 이 영화를 끝까지 보시고 리뷰까지 하시다니... 저는 도저히 끝까지 못보겠더군요	['대단하시네요', '이', '영화', '를', '끝', '까지', '보시', '고', '리뷰', '까지', '하시다니', '저', '는', '도저히', '끝', '까지', '못', '보겠더군요']	-0.6329730771862567	-0.28
33	33	QS_AZvv-tYY	전 10대입니다 전 얼마전 이영화를 보앗습니다 하지만 전 개인적으로 만족성높게 영화를보고왓습니다	['전', '10', '대입', '니', '다', '전', '얼마', '전', '이영화', '를', '보앗습니다', '하지만', '전', '개인', '적', '으로', '만족', '성', '높게', '영화', '를', '보고', '왓습니', '다']	3.522177140587893	1.48
34	34	QS_AZvv-tYY	최우식님 연기도 꽤 괜찮았지요! 영화의 유일한 장점이 연기라니 정말 말 다한.. 보고 나서 피식 웃고 말았던 영화였습니다. 끝까지 공감만하고 갑니다.	['최우식', '님', '연기', '도', '꽤', '괜찮았지요', '영화', '의', '유일한', '장점', '이', '연기', '라니', '정말', '말', '다한', '보고', '나서', '피식', '웃고', '말았던', '영화', '였습니다', '끝', '까지', '공감', '만', '하고', '갑니다']	-0.4705141678649976	-0.19
35	35	QS_AZvv-tYY	와 안보길 진짜 잘했네	['와', '안', '보길', '진짜', '잘', '했네']	1.9277030888229705	1.08
36	36	QS_AZvv-tYY	웬만하면 모든 영화를 다 재미있게 보는 사람인데, (사람들이 하도 까대는 신과 함께, 골든 슬럼버, 염력도 재미있게 본 사람입니다) 이 영화는 너무 재미 자체가 없었네요 ㅠㅠ심은경 팬이라 그냥 심은경 얼굴 보러 가서 그건 좋았지만 영화는 재미가 없음.	['웬만하면', '모든', '영화', '를', '다', '재미있게', '보는', '사람', '인데', '사람', '들', '이', '하도', '까', '대는', '신', '과', '함께', '골든', '슬럼', '버', '염력', '도', '재미있게', '본', '사람', '입니다', '이', '영화', '는', '너무', '재미', '자체', '가', '없었네요', '심은경', '팬', '이라', '그냥', '심은경', '얼굴', '보러', '가서', '그건', '좋았지만', '영화', '는', '재미', '가', '없음']	7.891034233518852	2.92
37	37	QS_AZvv-tYY	군더더기 없이 깔끔하게 까주시네요 ㅋㅋ 리뷰 잘 보고 있습니다	['군더더기', '없이', '깔끔하게', '까주시네요', '리뷰', '잘', '보고', '있습니다']	4.7970830839167595	2.52
38	38	QS_AZvv-tYY	아..정말 이렇게 까주시니까..영화비가 그나마 보상된거같네요..진짜..영화보고나서 돈아까워서 너무 억울했는데..진짜..속시원하네요..휴~~~ㅋㅋㅋ	['아', '정말', '이렇게', '까주시니까', '영', '화비', '가', '그나마', '보상', '된거', '같네요', '진짜', '영화', '보고', '나서', '돈', '아까워서', '너무', '억울했는데', '진짜', '속', '시원하네요', '휴']	-2.7796867793079545	-1.18
39	39	QS_AZvv-tYY	아...관상 생각하고 보려했는데 안보길 잘했네요.	['아', '관상', '생각', '하고', '보려', '했는데', '안', '보길', '잘', '했네요']	2.403340820399494	1.2
40	40	QS_AZvv-tYY	와 내가 하고 싶은말 다해주시네..<br>이승기 나온데서 안보려다 친구가<br>보자고 해서 봤는데 오히려 심은경의<br>역할과 연기에 실망함....<br>이승기도 뭐 별다를건 없지만 그냥<br>끝까지 보면 이승기 혼자 영화를 위해<br>고군분투 하는 모습같음...<br>그리고 진짜 스토리.연출 다 별로임	['와', '내', '가', '하고', '싶은말', '다해', '주시', '네', '이승기', '나온데서', '안', '보려다', '친구', '가보자고', '해서', '봤는데', '오히려', '심은경', '의', '역할', '과', '연기', '에', '실망함', '이승기', '도', '뭐', '별다를건', '없지만', '그냥', '끝', '까지', '보면', '이승기', '혼자', '영화', '를', '위', '해고군', '분투', '하는', '모습', '같음', '그리고', '진짜', '스토리', '연출', '다', '별로', '임']	-14.150514750806042	-5.24
41	41	QS_AZvv-tYY	전 보면서 어이없던 건 역시 고증을 날려버린 의상이었던 것 같네요. 아니 후궁에게 삼배가 붙은 중전옷을 입히다니요.. 허 참 저 보다가 영빈이 중전일 줄 알았어요. 거기에 심은경이 혼인식때 입은 옷.. 중전의 가례옷입니다 오로지 중전만 입을 수 있는 옷을 한낱 옹주에게 입혀났으니..	['전', '보면서', '어이없던', '건', '역시', '고증', '을', '날려', '버린', '의상', '이었던', '것', '같네요', '아니', '후궁', '에게', '삼배', '가', '붙은', '중전', '옷', '을', '입히다니요', '허', '참', '저', '보다가', '영빈', '이', '중', '전일', '줄', '알았어요', '거기', '에', '심은경', '이', '혼인', '식', '때', '입은', '옷', '중전', '의', '가례', '옷', '입니다', '오로지', '중전', '만', '입', '을', '수', '있는', '옷', '을', '한낱', '옹주', '에게', '입혀', '났으니']	1.96665181304663	0.71
42	42	QS_AZvv-tYY	왜 이런영상을 해석해주는걸 구독안햇지 ㅠㅠㅠ 음.... 조아여 구독 꾹하고그영 영상 잼낫서여	['왜', '이런', '영상', '을', '해석', '해주는걸', '구독', '안햇', '지', '음', '조아여', '구독', '꾹', '하고', '그', '영', '영상', '잼낫', '서여']	-0.9370031434219448	-0.41
43	43	QS_AZvv-tYY	ㅋㅋㅋㅋㅋㅋㅋㅋㅋㅋㅋㅋㅋ 2018년 영화가 맞는지욬ㅋㅋㅋㅋ	['2018년', '영화', '가', '맞는지', '욬']	0.1191249365038718	0.07
44	44	QS_AZvv-tYY	시원 명쾌한 리뷰네요!	['시원', '명쾌한', '리뷰', '네', '요']	1.3201988974869014	0.78
45	45	QS_AZvv-tYY	관상에 궁합 묻히면 안 되겠네요.	['관상', '에', '궁합', '묻히면', '안', '되겠네요']	0.30014436960914703	0.17
46	46	QS_AZvv-tYY	투자 대비 남는 게 있으니 계속 나오는 거겠죠? ㅋㅋ 그러니 시나리오고 뭐고 막내 작가나 고스트 라이터에 의뢰해 대충 만들으라 하고 투자비 대부분은 촬영 장비와 출연자에 때려 박겠죠. 이쁜 것들 배경은 이뻐야 하니까...	['투자', '대비', '남는', '게', '있으니', '계속', '나오는', '거', '겠죠', '그러니', '시나리오', '고', '뭐', '고', '막내', '작가', '나', '고스트', '라이터', '에', '의뢰', '해', '대충', '만들으라', '하고', '투', '자비', '대부분', '은', '촬영', '장비', '와', '출연자', '에', '때려', '박겠죠', '이쁜', '것', '들', '배경', '은', '이뻐야', '하니까']	-13.187620307808022	-5.01
47	47	QS_AZvv-tYY	관상을 왜 엮나 ㅅ	['관상', '을', '왜', '엮', '나']	0.7431890029062759	0.44
48	48	QS_AZvv-tYY	예고편보자마자 그지같은 영화임을 알았건만 왜 라이너님은 이런 쓰레기에 에너지를 소모하셨는지 주먹 불끈. 몸을 아끼소서.ㅎㅎㅎㅎㅎㅎㅎ	['예고편', '보자마자', '그지같은', '영화', '임', '을', '알았건만', '왜', '라이너', '님', '은', '이런', '쓰레기', '에', '에너지', '를', '소모', '하셨는지', '주먹', '불끈', '몸', '을', '아끼소서']	-0.2099829717668853	-0.09
49	49	QS_AZvv-tYY	이승기도 그렇지만 심은경이라는 소리를 듣고 절대 안보기로 다짐햇는데 역시나 ㅋㅋㅋㅋㅋ	['이승기', '도', '그렇지만', '심은경', '이라는', '소리', '를', '듣고', '절대', '안', '보기로', '다짐', '햇', '는데', '역시', '나']	-0.6677096359242038	-0.3
50	50	QS_AZvv-tYY	망삘일줄알았어요	['망삘', '일줄', '알았어요']	0.0	0.0
51	51	QS_AZvv-tYY	영화관에서 봤으면 돈 아까울 뻔 했군요 리뷰 땡큐	['영화관', '에서', '봤으면', '돈', '아까울', '뻔', '했군요', '리뷰', '땡큐']	1.138867267375241	0.58
52	52	QS_AZvv-tYY	대박이야 좋아요 정말좋아요.항상 응원하겠습니다 화이팅입니다.이.승기..씨.안녕하세요 반갑습니다	['대박', '이야', '좋아요', '정말', '좋아요', '항상', '응원', '하겠습니다', '화이팅', '입니다', '이승기', '씨', '안녕하세요', '반갑습니다']	3.766984605041957	1.76
53	53	QS_AZvv-tYY	관상....지겹더만~뭘보고 작품을 논하는건지?대체 기준이 뭔가요?아직 궁합은 안봤지만...관상만봤을때 뭘보고 작품성이 좋다는건지요 ㅠㅠ	['관상', '지겹', '더', '만', '뭘', '보고', '작품', '을', '논', '하는', '건지', '대체', '기준', '이', '뭔', '가요', '아직', '궁합', '은', '안', '봤지만', '관상', '만', '봤을', '때', '뭘', '보고', '작품', '성', '이', '좋다는', '건지요']	0.633969804853751	0.25
54	54	QS_AZvv-tYY	+별무리 상대적으로 &#39;궁합보다는 좋다&#39;는 것입니다.	['별', '무리', '상대', '적', '으로', '39', '궁합', '보다는', '좋다', '39', '는', '것', '입니다']	3.791239902395535	1.79
55	55	QS_AZvv-tYY	예고편 보고 바로 거른 영화인데 엄청 대차게 까이는군요 크으 잘했다 나 자신	['예고편', '보고', '바로', '거른', '영화', '인데', '엄청', '대차게', '까이는군요', '크으', '잘', '했다', '나', '자신']	2.8512850488586503	1.33
56	56	QS_AZvv-tYY	ㅎㅎㅎㅎㅎ리뷰보다가 빵터졌어요.ㅎㅎ라이너님의 리뷰는 사이다!!^^	['리뷰', '보다', '가', '빵터졌어요', '라이너', '님', '의', '리뷰', '는', '사이다']	1.1483610867579337	0.57
57	57	QS_AZvv-tYY	뭐...언제나 2부는 별로니까요<br>3부는 기대되네요ㅋㅋㅋ	['뭐', '언제나', '2', '부는', '별로', '니까', '요', '3', '부는', '기대', '되네요']	0.5120869230186462	0.25
58	58	QS_AZvv-tYY	영화가 당연히 관객을 위해 재미적인 요소도 있어야 하겠지만 그 시대를 관통하는 역사적인 사실도 함께 담을 수 있다면 그 가치가 더 있다고 봅니다~^^	['영화', '가', '당연히', '관객', '을', '위해', '재미', '적', '인', '요소', '도', '있어야', '하겠지만', '그', '시대', '를', '관통', '하는', '역사', '적', '인', '사실', '도', '함께', '담', '을', '수', '있다면', '그', '가치', '가', '더', '있다고', '봅니다']	5.395221173758625	2.13
59	59	QS_AZvv-tYY	영화 리뷰를 하는 영상이지만 본질적으로 철학자적인 성향이 강한 것 같습니다~영화평론가로서 자질이 충분한 분인 것 같네요~	['영화', '리뷰', '를', '하는', '영상', '이지만', '본질', '적', '으로', '철학자', '적', '인', '성향', '이', '강한', '것', '같습니다', '영화평론가', '로서', '자질', '이', '충분한', '분', '인', '것', '같네요']	0.7218437482906033	0.3
60	60	QS_AZvv-tYY	심은경 왜그러ㅈ ㅣ? 연기 잘하는줄 알았는데	['심은경', '왜', '그러', '연기', '잘', '하는줄', '알았는데']	1.6589289433307957	0.9
61	61	QS_AZvv-tYY	이 영화 덕분에 아주 크게 웃었네요 뜬금포ㅋㅋㅋ	['이', '영화', '덕분', '에', '아주', '크게', '웃었네요', '뜬금', '포']	0.1191249365038718	0.06
62	62	QS_AZvv-tYY	이 유튜버는 일단 까고 보는 사람이구만 구독은 안해야 겠네	['이', '유튜버', '는', '일단', '까고', '보는', '사람', '이구만', '구독', '은', '안해', '야', '겠네']	0.23428453569266305	0.11
63	63	QS_AZvv-tYY	항상 잘 보고 있습니다!!	['항상', '잘', '보고', '있습니다']	3.634154283971649	2.27
64	64	QS_AZvv-tYY	심은경 누님 예쁜데....	['심은경', '누님', '예쁜데']	0.3372738214838231	0.23
65	65	QS_AZvv-tYY	내가 이래서 왠만하면 한국영화를 돈주고 안본다... 역시 안보길 잘했나 보다... 안봐도 딱 드라마 삘이내...<br>지난 주말 난 툼레이더를 봤다... 일본귀신이 주 배경인것이 기분은 나빴으나 그런대로 젬나게 봤다...	['내', '가', '이래서', '왠만하면', '한국영', '화', '를', '돈', '주고', '안', '본다', '역시', '안', '보길', '잘', '했나', '보다', '안', '봐도', '딱', '드라마', '삘', '이', '내', '지난', '주말', '난', '툼레이더', '를', '봤다', '일', '본', '귀신', '이', '주', '배경인', '것', '이', '기분', '은', '나빴으나', '그런대로', '젬나', '게', '봤다']	-11.975884919397705	-4.51
66	66	QS_AZvv-tYY	다음엔 리뷰를 보고 영화를 보기로 해야겠어요 저도 너무 실망했던 영환데 실망했던 이유를 잘 설득당할 수 있었어요 감사합니다^^	['다음', '엔', '리뷰', '를', '보고', '영화', '를', '보기', '로', '해야겠어요', '저', '도', '너무', '실망했던', '영환', '데', '실망했던', '이유', '를', '잘', '설득', '당할', '수', '있었어요', '감사합니다']	2.4748107717597336	1.03
67	67	QS_AZvv-tYY	난 궁합 재밌는데	['난', '궁합', '재밌는데']	-0.44304463329712895	-0.3
68	68	QS_AZvv-tYY	리뷰<br>너무 너무 잘 보고있습니다	['리뷰', '너무', '너무', '잘', '보고있습니다']	2.018334977591051	1.19
69	69	QS_AZvv-tYY	리뷰가 재미난 영화 ㅋㅋㅋㅋㅋ 라이너님이 빡칠수록 리뷰는 재밌어지는 매직!	['리뷰', '가', '재미', '난', '영화', '라이너', '님', '이', '빡칠수록', '리뷰', '는', '재밌어지는', '매직']	2.8534049286262886	1.35
70	70	QS_AZvv-tYY	저는 이게 차라리 드라마였으면 참 좋겠다고 생각이 들었습니다.  마치 성균관처럼...? 그러면 그나마 남녀의 케미에 꺄아 거리기라도 할 텐데... 아니면 남주 보며 설레기라도 한다든가. 물론 영화 보는 내내 이승기는 존잘이었지만 이게 영화로 나올 스토리인가 싶었습니다.	['저', '는', '이', '게', '차라리', '드라마', '였으면', '참', '좋겠다고', '생각', '이', '들었습니다', '마치', '성균관', '처럼', '그러면', '그나마', '남녀', '의', '케미', '에', '꺄', '아', '거리', '기', '라도', '할', '텐데', '아니면', '남주', '보며', '설레기라도', '한다', '든가', '물론', '영화', '보는', '내내', '이승기', '는', '존잘', '이었지만', '이', '게', '영화로', '나올', '스토리', '인가', '싶었습니다']	1.9360871563209798	0.72
71	71	QS_AZvv-tYY	난봤는데!!	['난', '봤는데']	0.5136219941874509	0.39
72	72	QS_AZvv-tYY	진짜..거대자본의 남자상품팔이..리뷰 아주 공감하고 갑니다.	['진짜', '거대', '자본', '의', '남자', '상', '품팔이', '리뷰', '아주', '공감', '하고', '갑니다']	-0.2524936010754961	-0.12
73	73	QS_AZvv-tYY	이거 네이버 평점 ㄹㅇ알바 개쩜 나이거 주말에 무려7000원주고 봤는데 내가 이때까지본 영화중 제일 저급했음<br>이런 영화가 이시대에 나오는게 신기하고 이거보고 재밌다는 사람도 신기함	['이', '거', '네이버', '평점', '알바', '개쩜', '나이', '거', '주말', '에', '무려', '7000원', '주고', '봤는데', '내', '가', '이', '때', '까지', '본', '영화', '중', '제일', '저급했음', '이런', '영화', '가', '이', '시대', '에', '나오는게', '신기하고', '이', '거', '보고', '재밌다는', '사람', '도', '신기함']	-0.6529018913811158	-0.25
74	74	QS_AZvv-tYY	리뷰에 스포가 많아서 너무 좋습니다. 이런 영화는 보지 않아도 후회가 없게끔 해 주시네요. 자체 필터링하는 부분에서 웃겨서 큭큭<br> 대면서 봤습니다. 궁합이 궁합을 잊었다는 말씀 듣고 궁합 보려던 마음 깔끔히 접습니다. 감사합니다.	['리뷰', '에', '스포', '가', '많아서', '너무', '좋습니다', '이런', '영화', '는', '보지', '않아도', '후회', '가', '없게끔', '해', '주시네요', '자체', '필터', '링', '하', '는', '부분', '에서', '웃겨서', '큭큭', '대면', '서', '봤습니다', '궁합', '이', '궁합', '을', '잊었다는', '말씀', '듣고', '궁합', '보려던', '마음', '깔끔히', '접습니다', '감사합니다']	-9.270097781433243	-3.53
75	75	QS_AZvv-tYY	재미있게 본 사람들이 더 많을텐데<br>왜 안좋게 평가해요. 답글해주세요!<br>그리고 왜 유치해요?! 그리고 사람들도<br>웃고 재밌게 봤는데 왜 안좋게 평가하죠?<br>그런거면 리뷰, 영화를 보지마세요.	['재미있게', '본', '사람', '들', '이', '더', '많을텐데', '왜', '안좋게', '평가', '해요', '답글', '해주세요', '그리고', '왜', '유치해요', '그리고', '사람', '들', '도', '웃고', '재밌게', '봤는데', '왜', '안좋게', '평가', '하죠', '그런', '거', '면', '리뷰', '영화', '를', '보지', '마세요']	4.440592974725386	1.75
76	76	QS_AZvv-tYY	마지막줄 같이말하면 안좋게 평가하려면 이영상도 안보면되는거	['마지막', '줄', '같이말하면', '안좋게', '평가', '하려면', '이', '영상', '도', '안보', '면', '되는거']	-0.1588051687105938	-0.08
77	77	QS_AZvv-tYY	루현 그분들은 좋게 만들었는데 나쁜게<br>평가하잖아요.	['루현', '그', '분들', '은', '좋게', '만들었는데', '나쁜게', '평가', '하잖아요']	1.256810997093727	0.64
78	78	QS_AZvv-tYY	저도 완전 공감. 임금 고하는 그것도 난 아니 시발 증거는 어쩌고 이럼서 봤고 심은경 사람이 사랑어쩌구도 아오시발 ㅈㄴ 구닥다리 이랬는데 으허 주모 여기 사이다	['저', '도', '완전', '공감', '임금', '고하', '는', '그것', '도', '난', '아니', '시발', '증거', '는', '어쩌', '고', '이럼서', '봤고', '심은경', '사람', '이', '사랑', '어', '쩌', '구도', '아오', '시발', '구', '닥', '다리', '이랬는데', '으', '허', '주모', '여기', '사이다']	3.4897676266167657	1.37
79	79	QS_AZvv-tYY	리뷰 진짜 죽인다. 완전 공감이요. 부모님 모시고 간거라 그냥 가볍게 화면예쁘다. 웃통까는 장면에서 몸매좋다. 애기 귀엽다등 이러고 나오긴 했는데 진짜 시원하게 긁어준다. 특히 능동적인 옹주가 아닌 정신이상한 애요ㅋㅋㅋ막판에 사랑찾아 떠나는것도 결국 여성상에 갇힌 결말이랄까 말그대로 깊이없는 가벼운 코믹영화의 표본이죠. 심은경 말투도 일부러 그렇게 잡은거 같았는데 거슬리고	['리뷰', '진짜', '죽인다', '완전', '공감', '이', '요', '부모님', '모시', '고', '간거라', '그냥', '가볍게', '화면', '예쁘다', '웃통', '까는', '장면', '에서', '몸매', '좋다', '애기', '귀엽다', '등', '이러고', '나오긴', '했는데', '진짜', '시원하게', '긁어', '준다', '특히', '능동', '적', '인', '옹주', '가', '아닌', '정신', '이상한', '애', '요', '막판', '에', '사랑', '찾아', '떠나는것도', '결국', '여성', '상', '에', '갇힌', '결말', '이', '랄', '까', '말', '그대로', '깊이', '없는', '가벼운', '코믹', '영화', '의', '표본', '이', '죠', '심은경', '말투', '도', '일부러', '그렇게', '잡은거', '같았는데', '거슬리고']	-16.14877511914559	-5.62
80	80	QS_AZvv-tYY	이 영화 보면서 재미나게는 봤음 , 다만 그냥 tvn 드라마로 나왔으면 좋았을듯	['이', '영화', '보면서', '재미', '나게는', '봤음', '다만', '그냥', 'tvn', '드라마', '로', '나왔으면', '좋았을듯']	2.6533600770219694	1.26
81	81	QS_AZvv-tYY	리뷰 정말 너무 구구절절 다 맞는 말인데 그럼에도 불구하고 겁나 재밌게 보고 왔어요...<br>아씨 이거 웹소설이야 뭐얔ㅋㅋㅋㅋㅋ 하면서 신나게 웃고 오글거림에 몸서리치다가 이승기보고 심쿵해서 자존심 상해서 나옴... 재밌긔........	['리뷰', '정말', '너무', '구', '구', '절절', '다', '맞는', '말', '인데', '그럼에도', '불구', '하고', '겁나', '재밌게', '보고', '왔어요', '아씨', '이', '거', '웹소설', '이야', '뭐얔', '하면서', '신나게', '웃고', '오글거림에', '몸서리', '치다가', '이승기', '보고', '심쿵해서', '자존심', '상해', '서', '나옴', '재밌긔']	2.888385904605156	1.12
82	82	QS_AZvv-tYY	ㅋㅋㅋ 열 많이 받으셨네요 ㅋㅋㅋ	['열', '많이', '받으셨네요']	-1.5361484555885148	-1.04
83	83	QS_AZvv-tYY	리뷰 잘 봤습니다. 이 영화 별로 구미가 당기지 않던데, 이 리뷰 보니 더더욱.. <br>김상경 배우님 좋아하는데,  좋은 작품에서 만날 수 있으면 좋겠네요 ㅠㅠ	['리뷰', '잘', '봤습니다', '이', '영화', '별로', '구미', '가', '당', '기지', '않던데', '이', '리뷰', '보니', '더', '더욱', '김상경', '배우', '님', '좋아하는데', '좋은', '작품', '에서', '만날', '수', '있으면', '좋겠네요']	3.9163203338880574	1.61
84	84	QS_AZvv-tYY	항상 재미있게 보고 있습니다. 계속 응원하겠습니다.	['항상', '재미있게', '보고', '있습니다', '계속', '응원', '하겠습니다']	5.781930562130746	3.13
85	85	QS_AZvv-tYY	진짜 내가 본영화중에 제일재미없었네요^^ 친구들이랑 까면서나온영화ㅋㅋㅋㅋㅋ	['진짜', '내', '가', '본', '영화', '중', '에', '제일', '재미없었네요', '친구', '들', '이랑', '까면서', '나온', '영화']	0.7900170282331149	0.36
86	86	QS_AZvv-tYY	비평이 좀 별로이다	['비평', '이', '좀', '별로', '이다']	-3.0240615325698688	-1.78
87	87	QS_AZvv-tYY	라이너님  개빡치신듯ㅋㅋㅋㅋㅋ<br>이렇게 빡치신거 본적없는거같은데<br>요새 믿고 거르는 심은경인것	['라이너', '님', '개', '빡치신', '듯', '이렇게', '빡치신', '거', '본적', '없는거', '같은데', '요새', '믿고', '거르', '는', '심은경', '인', '것']	2.364517809858728	1.05
88	88	QS_AZvv-tYY	내 이럴줄 알았다는..ㅋㅋㅋㅋ	['내', '이럴줄', '알았다는']	0.0	0.0
89	89	QS_AZvv-tYY	승기오빠 덕에  뜨고 있는거 같은데 영화내용은 단순하고..	['승기', '오빠', '덕', '에', '뜨고', '있는거', '같은데', '영화', '내용', '은', '단순하고']	1.705043841868359	0.84
90	90	QS_AZvv-tYY	라이너님이 아껴주신 제 관람비가 얼마인지 모르겠습니다. 아, 관람비보다는 아껴준 시간이 더 크겠군요. 아뭏든 감사합니다.	['라이너', '님', '이', '아껴주신', '제', '관람', '비', '가', '얼마', '인지', '모르겠습니다', '아', '관람', '비', '보다는', '아껴', '준', '시간', '이', '더', '크겠군요', '아뭏', '든', '감사합니다']	0.7399343814507575	0.31
91	91	QS_AZvv-tYY	하..저는 영화보려고 갔는데 딱 맞는 시간이 궁합밖에 없길래 어제 봤어요..진짜 너무 오글거리고 길기도 길고 무표정으로만 보고 왔어요	['하', '저', '는', '영화', '보려고', '갔는데', '딱', '맞는', '시간', '이', '궁합', '밖에', '없길래', '어제', '봤어요', '진짜', '너무', '오글거리고', '길기도', '길고', '무표정', '으로만', '보고', '왔어요']	-0.16346714344643032	-0.07
92	92	QS_AZvv-tYY	검사외전이 강동원 빨로 흥행한거 보면 한국관객들 수준에서는 작품 개연성 완성도는 큰 의미는 없죠 물론 검사외전는 궁합같은 영화보다는 수작으로 보이긴 하지만 ㅎ 이영화도 흥행한다면 이승기빨로 흥행하겠죠	['검사', '외전', '이', '강동원', '빨', '로', '흥행', '한', '거', '보면', '한국', '관객', '들', '수준', '에서는', '작품', '개연', '성', '완성', '도', '는', '큰', '의미', '는', '없죠', '물론', '검사', '외전는', '궁합', '같은', '영화', '보다는', '수작', '으로', '보이긴', '하지만', '이영화', '도', '흥행', '한다면', '이승기', '빨', '로', '흥행', '하겠죠']	3.9808607484734444	1.5
93	93	QS_AZvv-tYY	라이너님 역시 최고^^	['라이너', '님', '역시', '최고']	2.2552759259249218	1.41
94	94	QS_AZvv-tYY	가뭄을 해결하는게 주된 테마인데 영화 내내 푸르른 산과 들,,, 물에 빠지는 장면까지.... 초등생들이 만들어도 그 정도 생각은 해 볼텐데.....이 영화 만드신 분들 만나보고 싶어요...	['가뭄', '을', '해결', '하는게', '주된', '테마', '인데', '영화', '내내', '푸르른', '산', '과', '들', '물', '에', '빠지는', '장면', '까지', '초등생', '들', '이', '만들어도', '그', '정도', '생각', '은', '해', '볼텐데이', '영화', '만드신', '분들', '만나', '보고', '싶어요']	-6.808258673852482	-2.69
95	95	QS_AZvv-tYY	이 영화 친구가 보고 한 말이 인터넷 소설을 보는 것 같다고 손발이 오그라들었다고 했던 영화인데 ㅋㅋㅋㅋ<br>라이너님 리뷰 보고 다시한번 안보길 잘했다고 생각되네요 ㅋㅋㅋㅋ	['이', '영화', '친구', '가', '보고', '한', '말', '이', '인터넷', '소설', '을', '보는', '것', '같다고', '손발', '이', '오그라들었다고', '했던', '영화', '인데', '라이너', '님', '리뷰', '보고', '다시', '한번', '안', '보길', '잘', '했다고', '생각', '되네요']	5.765568764923105	2.3
96	96	QS_AZvv-tYY	노답 영화  ㅜ	['노답', '영화']	-1.880875063496128	-1.45
97	97	QS_AZvv-tYY	이 영상삭제하세요!	['이', '영상', '삭제', '하세요']	-0.1588051687105938	-0.1
98	98	QS_AZvv-tYY	저는 재미있게보고 유치하지않았습니다.<br>라이너님은 그 영화를 재미없게 봐도<br>그 분들은 힘들게 만들었으니 이런<br>유치하다, 재미없다 등 이런 나쁜말은<br>하지마세요!	['저', '는', '재미있게', '보고', '유치하지', '않았습니다', '라이너', '님', '은', '그', '영화', '를', '재미없게', '봐도', '그', '분', '들', '은', '힘들게', '만들었으니', '이런', '유치하다', '재미없다', '등', '이런', '나쁜말', '은하', '지', '마세요']	-7.057489166633939	-2.87
99	99	QS_AZvv-tYY	라이너님 항상 리뷰 재밌게 보고있어요. 리뷰를 보고 똥이란걸 알지만 그래도 보면서 라이너님의 리뷰가 떠오르면 그게 또 은근 재밌더라구요. 라이너님 영화리뷰 기다려지고 본거 또봐도 재밌구.  하루에 몇번씩은 보는거같네요. 새영상이 올라오면 너무 반갑고. 영화리뷰 보고있으면 시간이 삭제되는걸 경험해요.. ㅎㅎ 항상 응원합니다!	['라이너', '님', '항상', '리뷰', '재밌게', '보고있어요', '리뷰', '를', '보고', '똥', '이란', '걸', '알', '지만', '그래도', '보면서', '라이너', '님', '의', '리뷰', '가', '떠오르면', '그게', '또', '은근', '재밌더라구요', '라이너', '님', '영화리뷰', '기다려지고', '본거', '또', '봐도', '재밌구', '하루', '에', '몇번', '씩', '은', '보는거', '같네요', '새', '영상', '이', '올라오면', '너무', '반갑고', '영화리뷰', '보고있으면', '시간', '이', '삭제', '되는걸', '경험', '해요', '항상', '응원', '합니다']	2.6522233311285106	0.96
100	100	QS_AZvv-tYY	시작한지 10분부터 잤고 눈뜨니 끝났네요 자기 좋은 영화였어요	['시작', '한지', '10분', '부터', '잤고', '눈뜨니', '끝났네요', '자기', '좋은', '영화', '였어요']	2.1688953862798406	1.06
101	101	QS_AZvv-tYY	재밌게 보고가요~하마터면 돈아까울뻔했네요ㅋㅋ	['재밌게', '보고가요', '하마터면', '돈', '아까울', '뻔했네요']	0.6899701668910805	0.39
102	102	QS_AZvv-tYY	볼까말까 하다가 누가 재미없대서 그냥 그런가보다 하고 안봤는데.. 정말 안보길 잘했군요. <br>이승기는 별로고 김상경배우 나와서 믿고 보려했는데.. ㅋ<br>사이다 리뷰 감사합니다~ <br>좋아요. 구독 다 했어요♥	['볼', '까말까', '하다가', '누가', '재미없', '대서', '그냥', '그', '런가', '보다', '하고', '안', '봤는데', '정말', '안', '보길', '잘', '했군요', '이승기', '는', '별로', '고', '김상경', '배우', '나와서', '믿고', '보려', '했는데', '사이다', '리뷰', '감사합니다', '좋아요', '구독', '다', '했어요']	4.888201425487252	1.92
103	103	QS_AZvv-tYY	심은경은 점점 하락세로군요. 어서 좋은 작품을 만나서 좋은 연기를 보여줘야할텐데	['심은경', '은', '점점', '하락', '세', '로군요', '어서', '좋은', '작품', '을', '만나서', '좋은', '연기', '를', '보여줘', '야할텐데']	2.609158493554826	1.18
104	104	QS_AZvv-tYY	ㅋㅋㅋ 빈약한 연출력과 각본을 코미디로 얼버부리려다 X망한영화?	['빈약한', '연출', '력', '과', '각본', '을', '코미디', '로', '얼버', '부리려다', 'X', '망한', '영화']	-1.822938700507096	-0.86
105	105	QS_AZvv-tYY	신랄하고 받아들일수있는 리뷰 감사합니다.	['신랄하고', '받아들일수있는', '리뷰', '감사합니다']	0.925389642796934	0.58
106	106	QS_AZvv-tYY	참고로 이거 감독 조선미녀삼총사 감독...ㅎ	['참고', '로', '이', '거', '감독', '조선', '미녀삼총사', '감독']	0.099540899551938	0.05
107	107	QS_AZvv-tYY	영화보다 더 잼있는 리뷰~👍🏻	['영화', '보다', '더', '잼있는', '리뷰']	0.8534049286262892	0.5
108	108	QS_AZvv-tYY	정상원 영화가 더 재밌어요.	['정상원', '영화', '가', '더', '재밌어요']	0.1191249365038718	0.07
109	109	QS_AZvv-tYY	웃겨요ㅋㅋㅋ 엉터리가 너무 많이 나와서 웃었습니다. 이승기 좋아하는데 아쉽네요	['웃겨요', '엉터리', '가', '너무', '많이', '나와서', '웃었습니다', '이승기', '좋아하는데', '아쉽네요']	-3.3550827559110417	-1.68
110	110	QS_AZvv-tYY	ㅋㅋㅋㅋ 신나게 웃고가요 라이너님~^^*	['신나게', '웃고가요', '라이너', '님']	0.41408109463551596	0.26
111	111	QS_AZvv-tYY	ㅋㅋㅋㅋㅋㅋㅋㅋ맨날 리뷰 들으면서 자는 데 웃겨서 잠 다 깼어요ㅋㅋ 사이다 빡친 (?)리뷰 감사합니다.	['맨날', '리뷰', '들으면서', '자는', '데', '웃겨서', '잠', '다', '깼어요', '사이다', '빡친', '리뷰', '감사합니다']	0.925389642796934	0.44
112	112	QS_AZvv-tYY	진짜  라이너 님  대단해요  발음도  정확 하고  박학다식하네요 최고~~	['진짜', '라이너', '님', '대단해요', '발음', '도', '정확', '하고', '박학', '다식', '하네요', '최고']	2.0997346643356503	1.01
113	113	QS_AZvv-tYY	믿고 보는 라이너. 라이너가 거르라면 믿고 거름.	['믿고', '보는', '라이너', '라이너', '가', '거르라', '면', '믿고', '거름']	1.4140810946355158	0.72
114	114	QS_AZvv-tYY	ㅋㅋㅋ<br>삼연속삼진~	['삼', '연', '속', '삼진']	0.0	0.0
115	115	QS_AZvv-tYY	포스터부터 냄새가 났어..	['포스터', '부터', '냄새', '가', '났어']	0.049770449775969006	0.03
116	116	QS_AZvv-tYY	편협해지면 안되는데, 심은경씨 나오는 영화는 이제부터 거르려고 합니다..	['편협', '해지면', '안되는데', '심은경', '씨', '나오는', '영화', '는', '이제', '부터', '거르려', '고', '합니다']	-0.25801118537486545	-0.12
117	117	QS_AZvv-tYY	심은경 안습...	['심은경', '안습']	-0.6627261785161769	-0.51
118	118	QS_AZvv-tYY	하하 저 이거 영화관에서 보고 제가 껍데기인줄 알았어요. 사랑없이 사람이 왜 못살아!!!!!ㅂㄷㅂㄷ	['하하', '저', '이', '거', '영화관', '에서', '보고', '제', '가', '껍데기', '인', '줄', '알았어요', '사랑', '없이', '사람', '이', '왜', '못', '살아']	5.273026094917134	2.29
119	119	QS_AZvv-tYY	항상 리뷰 너무 감사합니당..	['항상', '리뷰', '너무', '감사합니당']	2.5047129834035964	1.56
120	120	QS_AZvv-tYY	시원시원한 리뷰! 한가지 확실한 것은 이 리뷰가 영화보다 재미났을 것이라는 것!	['시원시원한', '리뷰', '한가지', '확실한', '것', '은', '이', '리뷰', '가', '영화', '보다', '재미', '났을', '것', '이라는', '것']	1.3172564730377745	0.6
121	121	QS_AZvv-tYY	&quot;나의절친 악당들&quot;이후 가장 어이없는 영화임~~나의 평점은 마이너스 ☆☆☆☆☆입니다..ㅋ	['quot', '나', '의', '절친', '악당', '들', 'quot', '이후', '가장', '어이없는', '영화', '임나', '의', '평점', '은', '마이너스', '입니다']	-2.3127650925588608	-1.04
122	122	QS_AZvv-tYY	들을수록 목소리가 깔끔하셔서 전달이 잘 되네요~ 늘 챙겨보고 있습니다 감사해요!	['들을수록', '목소리', '가', '깔끔하셔서', '전달', '이', '잘', '되네요', '늘', '챙겨', '보고', '있습니다', '감사해요']	0.8909652810653752	0.42
123	123	QS_AZvv-tYY	항상 고마워요 라이너님 잘보구있어요 파이팅 하세요!!	['항상', '고마워요', '라이너', '님', '잘', '보구있어요', '파이팅', '하세요']	3.4140810946355162	1.79
124	124	QS_AZvv-tYY	오늘처럼 화면조정이 많은 영상이 있었던가요?ㅎㅎㅎㅎ 편집력이 점점 느시는것 같습니다	['오늘', '처럼', '화면', '조', '정이', '많은', '영상', '이', '있었던가요', '편집', '력', '이', '점점', '느시는것', '같습니다']	-0.7029123725129924	-0.32
125	125	QS_AZvv-tYY	ㅋㅋㅋㅋㅋㅋ화 많이나셨나보네요ㅠㅠ 재밌게 잘 보고 잇습니다ㅎㅎ 감사합니다!!	['화', '많이', '나셨나', '보네요', '재밌게', '잘', '보고', '잇습니다', '감사합니다']	-2.836400268134573	-1.45
126	126	QS_AZvv-tYY	은경언니.....why..	['은경', '언니', 'why']	0.0	0.0
127	127	QS_AZvv-tYY	개봉할때 안하고 묵혀두는건 다 이유가 있는법	['개봉', '할', '때', '안', '하고', '묵혀', '두는건', '다', '이유', '가', '있는', '법']	0.907261830205071	0.44
128	128	QS_AZvv-tYY	덕분에 오늘도 영화 하나 잘 걸러냈네요 ㅎㅎ	['덕분', '에', '오늘', '도', '영화', '하나', '잘', '걸러', '냈네요']	1.6327469306913227	0.84
129	129	QS_AZvv-tYY	봤는데....정말 이승기의 도포자락만이 멋있기만한 영화.ㅠㅠ	['봤는데', '정말', '이승기', '의', '도포', '자락', '만이', '멋있', '기만', '한', '영화']	-0.16366090823014168	-0.08
130	130	QS_AZvv-tYY	혈압 조심하세요ㅋㅋㅋㅋㅋ 덕분에 제 지갑을 지켰네요. 감사합니다🙇🏽‍♂️	['혈압', '조심하세요', '덕분', '에', '제', '지갑', '을', '지켰네요', '감사합니다']	0.6051907453100325	0.31
131	131	QS_AZvv-tYY	관상과 너무 달라서 당황했죠 ㅋㅋㅋ	['관상', '과', '너무', '달라', '서', '당황', '했죠']	0.9277030888229714	0.5
132	132	QS_AZvv-tYY	늘 솔선수범해서 망작들을 걸러주셔서 감사할 따름입니다. ^^;;	['늘', '솔선수범', '해서', '망작', '들', '을', '걸러', '주셔서', '감사할', '따름', '입니다']	3.3835958850205685	1.66
133	133	QS_AZvv-tYY	심은경은 조작된 도시에서부터 궁합까지 배우커리어가 급속도로 내리막길을 가는것 같은 느낌..	['심은경', '은', '조작', '된', '도시', '에서부터', '궁합', '까지', '배우', '커리어', '가', '급속도', '로', '내리막', '길', '을', '가는것', '같은', '느낌']	-0.08006189460720403	-0.04
134	134	QS_AZvv-tYY	1987 이후 추천할만한 영화는 뭐가 있나요?	['1987', '이후', '추천', '할만', '한', '영화', '는', '뭐', '가', '있나요']	-0.6240640664024013	-0.31
135	135	QS_AZvv-tYY	믿고 거르는 이승기	['믿고', '거르', '는', '이승기']	2.2035921610785327	1.38
136	136	QS_AZvv-tYY	심은경은 진짜 하는 것마다 다 망하네 TT 본인 연기도 별로고 출연하는 작품 자체도 별로고	['심은경', '은', '진짜', '하는', '것', '마다', '다', '망하네', 'TT', '본인', '연기', '도', '별로', '고', '출연', '하는', '작품', '자체', '도', '별로', '고']	-1.8147727872940245	-0.78
137	137	QS_AZvv-tYY	이 영상은 10대도 많이 본다는 말에 약간의 감정이 담겨 있으신 것 같네요 ㅋㅋㅋ	['이', '영상', '은', '10', '대도', '많이', '본다는', '말', '에', '약간', '의', '감정', '이', '담겨', '있으신', '것', '같네요']	-2.5969477959159764	-1.16
138	138	QS_AZvv-tYY	리얼과 궁합 어떤게 더 대작인지 ㅎ ㅎ ㅎ	['리얼', '과', '궁합', '어떤게', '더', '대작', '인지']	-0.44304463329712895	-0.24
139	139	QS_AZvv-tYY	말 그대로 리얼은 &#39;역대급&#39;입니다. 그러기 쉽지 않죠.	['말', '그대로', '리얼', '은', '39', '역대', '급', '39', '입니다', '그러기', '쉽지', '않죠']	1.0770144381508755	0.52
140	140	QS_AZvv-tYY	예의 상 3점 주실 줄 알았는데 2점이라니... ㅎㅎ 이런 영화는 시놉시스만 봐도 안 보고 걸러야죠~ 그게 한국영화에 도움 되는 겁니다 ㅋㅋ	['예의', '상', '3', '점', '주실', '줄', '알았는데', '2', '점', '이라니', '이런', '영화', '는', '시놉시스', '만', '봐도', '안', '보고', '걸러', '야', '죠', '그게', '한국영', '화', '에', '도움', '되는', '겁니다']	-5.580604980204084	-2.28
141	141	QS_AZvv-tYY	코미디 영화보다 라이너님 리액션 보는 게 더 웃김 ㅋㅋㅋ	['코미디', '영화', '보다', '라이너', '님', '리액션', '보는', '게', '더', '웃김']	0.9970575755508728	0.5
142	142	QS_AZvv-tYY	참고로 촬영 및 편집을 마치고도 개봉 못하고 장기간 표류하는 영화를 창고형 영화라고 합니다.<br>궁합 말고도 대표적으로 조선미녀삼총사가 있다고 하지요.	['참고', '로', '촬영', '및', '편집', '을', '마치고도', '개봉', '못', '하고', '장기간', '표류', '하는', '영화', '를', '창고', '형', '영화', '라고', '합니다', '궁합', '말고도', '대표', '적', '으로', '조선', '미녀삼총사', '가', '있다고', '하지요']	-1.1681619845389897	-0.47
143	143	QS_AZvv-tYY	저는 라이너님의 리뷰방식을 좋아 합니다. <br>보편적상식에 의한 비평은 매우 만족하구요. 결말 부분도 좋습니다. <br>다른분들의  영상들 보면 거의  &#39; 여기까지..가장 중요한 내용은 말 안해줄거야. 정 궁금하면 너희들이 돈 주고 봐. &#39;  이런 식이죠.<br>전 이런말을 해주고 싶네요<br>&quot; 약 올리나.  거창한 전개에 혹해서 영화 봣다가 허무한 결말에 김빠진게 한두번이더냐.  어차피 돈 주고 다 확인할거면 뭐하러 당신 영상을 보고 있겟니?<br>스포라고 욕먹기가  그렇게 두렵다면 아예 영상을 만들지 말어..어차피 좋은 영화는 내용 알아도 다 봐..&#39;&#39;	['저', '는', '라이너', '님', '의', '리뷰', '방식', '을', '좋아', '합니다', '보편', '적', '상식', '에', '의한', '비평', '은', '매우', '만족하구요', '결말', '부분', '도', '좋습니다', '다른', '분들', '의', '영상', '들', '보면', '거의', '39', '여기', '까지가', '장', '중요한', '내용', '은', '말', '안', '해줄거야', '정', '궁금하면', '너희', '들', '이', '돈', '주고', '봐', '39', '이런', '식이', '죠', '전', '이런', '말', '을', '해주고', '싶네요', 'quot', '약', '올', '리나', '거창한', '전개', '에', '혹', '해서', '영화', '봣다', '가', '허무한', '결말', '에', '김', '빠진게', '한두', '번', '이', '더냐', '어차피', '돈', '주고', '다', '확인', '할거면', '뭐', '하러', '당신', '영상', '을', '보고', '있겟니', '스포', '라고', '욕', '먹기', '가', '그렇게', '두렵다면', '아예', '영상', '을', '만들지', '말어', '어차피', '좋은', '영화', '는', '내용', '알아도', '다', '봐', '3939']	-29.68291982326723	-9.72
144	144	QS_AZvv-tYY	요즘 한국영화들 진짜 왜그러는걸까요? 마치 일부러 망하고싶어서 작정이라도 한것같네요;;  대체 뭐가 문제일까요? 1. 각본 2. 그 각본으로 영화찍는 감독 3. 각본을 읽... 긴 읽었나 암튼 읽었다 치고 그걸 투자해주는 투자자. 진심으로 배우들이 불쌍하네요. 각본과 캐릭터가 엉망이니 연기를 제대로 하고싶어도 몰입도 안되는데 하긴 해야되겠고.. 뭐 그렇다고 국어책 읽는 연기하는게 잘했다는건 아니지만... 좋은 각본과 캐릭터였다면 연기력을 뽐내며 날아다녔을 배우들이 저렇게 무너지고 욕먹는걸보면 참 안타깝습니다. 좋은 각본쓰던 스토리작가들 다 어디간건지 궁금하네요	['요즘', '한국', '영화', '들', '진짜', '왜', '그러는걸', '까요', '마치', '일부러', '망하고싶어서', '작정', '이라도', '한', '것', '같네요', '대체', '뭐', '가', '문', '제일', '까요', '1', '각본', '2', '그', '각본', '으로', '영화', '찍는', '감독', '3', '각본', '을', '읽', '긴', '읽었나', '암튼', '읽었다', '치고', '그걸', '투자', '해주는', '투자자', '진심', '으로', '배우', '들', '이', '불쌍하네요', '각본', '과', '캐릭터', '가', '엉망', '이니', '연기', '를', '제대로', '하고싶어도', '몰입도', '안되는데', '하긴', '해야되', '겠고', '뭐', '그렇다고', '국어', '책', '읽는', '연기', '하는게', '잘', '했다는건', '아니지만', '좋은', '각본', '과', '캐릭터', '였다면', '연기력', '을', '뽐내며', '날아다녔을', '배우', '들', '이', '저렇게', '무너지고', '욕먹는걸', '보면', '참', '안타깝습니다', '좋은', '각본', '쓰던', '스토리', '작가', '들', '다', '어디', '간', '건지', '궁금하네요']	-31.30898704083454	-10.38
145	145	QS_AZvv-tYY	늘 잘보고 있어요 형	['늘', '잘', '보고', '있어요', '형']	1.6341542839716483	0.96
146	146	QS_AZvv-tYY	저도 너무 실망했는데 다들 재밋다고해서 라이너님 리뷰만 기다리고 있었어요ㅠㅠㅠ감사해요 ♡	['저', '도', '너무', '실망했는데', '다', '들', '재밋다고해', '서', '라이너', '님', '리뷰', '만', '기다리고', '있었어요', '감사해요']	0.17560507513283974	0.08
147	147	QS_AZvv-tYY	궁합은 역시 속궁합~~~♥	['궁합', '은', '역시', '속궁합']	-1.345038804913996	-0.84
148	148	QS_AZvv-tYY	이승기는 화유기도 아웃 이것도 아웃이네. 그냥 예능이나 얼굴 비추었으면 좋겠다	['이승기', '는', '화', '유기', '도', '아웃', '이', '것', '도', '아웃', '이네', '그냥', '예능', '이나', '얼굴', '비추었으면', '좋겠다']	-2.6908215062260643	-1.21
149	149	QS_AZvv-tYY	라이너님의 가감없는 사이다 리뷰때문에<br>빵빵 터지면서 봤어요~<br>목소리도 멋지시고 자막이 항상 있어서<br>조용히 볼때도 너무 좋아요^^	['라이너', '님', '의', '가감', '없는', '사이다', '리뷰', '때문', '에', '빵빵', '터지면서', '봤어요', '목소리', '도', '멋지시고', '자막', '이', '항상', '있어서', '조용히', '볼때', '도', '너무', '좋아요']	2.6394566195443208	1.11
150	150	QS_AZvv-tYY	이 영화 안 보길 잘했네 ㅋㅋㅋ 아니 유럽의 왕도 아니고 조선의 임금이 어떻게 실록을 건드림??ㅋㅋㅋㅋ 아무리 코미디라지만 사극판타지가 아닌 이상 팩트는 존중하면서 영화를 만들어야지 ㄷㄷㄷ 돈 아끼게 만들어 주셔서 감사합니다	['이', '영화', '안', '보길', '잘', '했네', '아니', '유럽', '의', '왕도', '아니고', '조선', '의', '임금', '이', '어떻게', '실록', '을', '건드림', '아무리', '코미디', '라지', '만', '사', '극', '판타지', '가', '아닌', '이상', '팩트', '는', '존중', '하면서', '영화', '를', '만들어야지', '돈', '아끼게', '만들어', '주셔서', '감사합니다']	5.735642173761045	2.2
151	151	QS_AZvv-tYY	사학과로서 말하는데 연산군은 실록 건드리긴했음 나중에 중종반정으로 역사가 바로잡혔지만	['사', '학과', '로서', '말', '하는데', '연산군', '은', '실록', '건드리긴', '했음', '나중', '에', '중종반정', '으로', '역사', '가', '바로잡혔지만']	2.099540899551938	0.94
152	152	QS_AZvv-tYY	안주현 그니까요ㅋㅋ 아무리 판타지사극이라도 기본은 지켜야하는거 아닌가요? 가장 강력한 왕권을 가졌던 태종도 사냥갔다는 얘기 빼라고 사관에게 말했는데 빼달라는 얘기를 했다는 거까지 기록할정도로 실록은 왕이 볼수도 없고 건드지 못하는건데 어이가 없죠ㅋㅋ	['안주현', '그니까', '요', '아무리', '판타지', '사극', '이라도', '기본', '은', '지켜', '야하는거', '아닌가요', '가장', '강력한', '왕권', '을', '가졌던', '태종', '도', '사냥', '갔다는', '얘기', '빼', '라고', '사관', '에게', '말', '했는데', '빼', '달라', '는', '얘기', '를', '했다는', '거', '까지', '기록', '할', '정도', '로', '실록', '은', '왕', '이', '볼', '수도', '없고', '건드', '지', '못', '하는건데', '어이', '가', '없죠']	-4.3338842006796	-1.59
153	153	QS_AZvv-tYY	안주현 .... 좀만 역사를 공부를 하면 임금이 실록을 건들수가 없다는걸 잘 알탠데.. 아무리 영조시대가 왕권이 강했던 시대라지만.. (한숨)	['안주현', '좀', '만', '역사', '를', '공부', '를', '하면', '임금', '이', '실록', '을', '건들', '수가', '없다는걸', '잘', '알탠데', '아무리', '영', '조', '시', '대가', '왕권', '이', '강했던', '시', '대', '라지', '만', '한숨']	-1.8041594221361636	-0.73
154	154	QS_AZvv-tYY	차라리 이 리뷰를 돈내고 봤으면 아깝진않았을듯요.	['차라리', '이', '리뷰', '를', '돈', '내고', '봤으면', '아깝진', '않았을', '듯', '요']	0.32019889748690145	0.16
155	155	QS_AZvv-tYY	항상 잘보고있습니다~	['항상', '잘', '보고있습니다']	3.5136219941874534	2.38
156	156	QS_AZvv-tYY	리뷰보면서 졸린 적 처음임...  어휴 실망ㅠ 가족끼리 보러가려 했는데 뭐 될뻔했습니다ㅋ	['리뷰', '보면서', '졸린', '적', '처음', '임', '어휴', '실망', '가족', '끼리', '보러가려', '했는데', '뭐', '될', '뻔했습니다']	-3.6510220429693856	-1.68
157	157	QS_AZvv-tYY	제목이 궁합만 아니였어도 점수 더 받았을지도	['제목', '이', '궁합', '만', '아니였어도', '점수', '더', '받았을지도']	-0.44304463329712895	-0.23
158	158	QS_AZvv-tYY	저는 그렇게 생각하지 않습니다. 궁합을 마지막에 잊은게 아닙니다. 영화 전체적으로 궁합이라는 철학을 비판하기 위해 이 영화는 존재합니다. 궁합이라는 철학에 대해서 코미디요소를 집어넣어 블랙코미디를 만든것 인가요? 아 물론 영화를 보진 않았습니다. 이 영화의 존재도 방금 알았는걸요	['저', '는', '그렇게', '생각', '하지', '않습니다', '궁합', '을', '마지막', '에', '잊은게', '아닙니다', '영화', '전체', '적', '으로', '궁합', '이라는', '철학', '을', '비판', '하기', '위해', '이', '영화', '는', '존재', '합니다', '궁합', '이라는', '철학', '에', '대해', '서', '코미디', '요소', '를', '집어넣어', '블랙코미디', '를', '만든것', '인가요', '아', '물론', '영화', '를', '보진', '않았습니다', '이', '영화', '의', '존재도', '방금', '알았', '는걸', '요']	-6.124987099520847	-2.23
159	159	QS_AZvv-tYY	한국영화계 무슨 일이 있었던거죠? 이거 조선판 인소네요	['한국', '영화계', '무슨', '일이', '있었던거죠', '이', '거', '조선', '판', '인소', '네', '요']	0.099540899551938	0.05
160	160	QS_AZvv-tYY	라이너님 같은 분들이 1차 방어선을 구축하고 계시니 든든합니다 !	['라이너', '님', '같은', '분', '들', '이', '1', '차', '방어선', '을', '구축', '하고', '계시니', '든든합니다']	0.3790721228304381	0.18
161	161	QS_AZvv-tYY	ㅋㅋㅋㅋㄱ아진짜 공감가요 저도 중반쯤 보니까 결말이 어찌 나올지 뻔해서 자버렸는데 영화 마지막대사를 어렴풋이 듣고 오글거려서 깼어요ㅋㅋㅋㅋㅋㅋ	['아', '진짜', '공감', '가요', '저', '도', '중반', '쯤', '보', '니까', '결말', '이', '어찌', '나올지', '뻔해서', '자', '버렸는데', '영화', '마지막', '대사', '를', '어렴풋이', '듣고', '오글거려서', '깼어요']	-1.161747593159721	-0.48
162	162	QS_AZvv-tYY	혈압조심하세옹 ^^전 흥부보고 혈압올라 울뻔..같이간칭구 목을 조를뻔 ..여배우는 연기만 잘하면 다가 아니라는 그감독이 만든영화라고 안본다 해도보자고 보자고!!그래도 그담 제가 보자는 셰이프오브워터를 봐서 다시 화해해어여♥히~	['혈압', '조심하세', '옹', '전', '흥부', '보고', '혈압', '올라', '울', '뻔', '같이', '간칭구', '목', '을', '조를', '뻔', '여배우', '는', '연기', '만', '잘', '하면', '다가', '아니라는', '그', '감독', '이', '만든', '영화', '라고', '안', '본다', '해도', '보자고', '보자고', '그래도', '그', '담', '제', '가', '보자는', '셰', '이프', '오브', '워터', '를', '봐서', '다시', '화해', '해어여', '히']	3.2724810702575606	1.21
163	163	QS_AZvv-tYY	공감 완전 사극 인소로 영화만든줄	['공감', '완전', '사극', '인', '소로', '영화', '만든줄']	-0.3190176907015101	-0.17
164	164	QS_AZvv-tYY	리얼급인가?	['리얼', '급', '인가']	0.0	0.0
165	165	QS_AZvv-tYY	영화리뷰를 논하기 전에 진짜<br>말 잘 해요.<br>박학다식하십니다.<br>스크립트대로 가더라도~~~<br>대단하심!!	['영화리뷰', '를', '논', '하기', '전', '에', '진짜', '말', '잘', '해', '요', '박학', '다식', '하십니다', '스크립트', '대로', '가더라도', '대단하', '심']	-6.4816604788387	-2.84
166	166	QS_AZvv-tYY	님들~ 이 영화 아무생각없이 킬링타임용으로 본다면 재미있어요.	['님들', '이', '영화', '아무', '생각', '없이', '킬링타임', '용', '으로', '본다면', '재미있어요']	-0.2867902449185753	-0.14
167	167	QS_AZvv-tYY	송화옹주를 보내주면...가뭄해결책이 그냥 사라지네요 허허...백성들 원성은 어찌처리했으려나...	['송화', '옹주', '를', '보내주면', '가뭄', '해결', '책', '이', '그냥', '사라지네요', '허허', '백성', '들', '원성', '은', '어찌', '처리', '했으려나']	0.15535678247137194	0.07
168	168	QS_AZvv-tYY	아차, 마지막에 임금이 다 해결하고 나니까 기적처럼 비가 쏴아아 하고 내립니다. 제가 빼먹었네요.	['아차', '마지막', '에', '임금', '이', '다', '해결', '하고', '나', '니까', '기적처럼', '비', '가', '쏴아아', '하고', '내립니다', '제', '가', '빼먹었네요']	0.47861302238237297	0.21
169	169	QS_AZvv-tYY	이런 영화가 계속 나오는 이유는 관객이 좋아하기 때문입니다 영화 매니아들은 개연성 연출 대사 미쟝센 다 보지만 대부분 관객들은 한가지만봅니다 아빠가 차사려고 하는데 옆에서 어린 아들이 이거 디자인 이쁘다 이거사자 하는거랑 똑같죠 이영화는 화사한 화면과 웹툰에 익숙한 젊은이들이 와 이승기 심은경 캐미 꺄아 설렌다 이러라고 만든 영화입니다 대박은 못치지만 계속 나오고 어느정도 수익 거두고 또 나오고 반복이죠	['이런', '영화', '가', '계속', '나오는', '이유', '는', '관객', '이', '좋아하기', '때문', '입니다', '영화', '매니아', '들', '은', '개연', '성', '연출', '대사', '미쟝센', '다', '보지', '만', '대부분', '관객', '들', '은', '한가지', '만', '봅니다', '아빠', '가', '차사', '려고', '하는데', '옆', '에서', '어린', '아들', '이', '이', '거', '디자인', '이쁘다', '이', '거사', '자', '하는거랑', '똑같죠', '이영화', '는', '화사한', '화면', '과', '웹툰', '에', '익숙한', '젊은이', '들', '이', '와', '이승기', '심은경', '캐', '미', '꺄', '아', '설렌다', '이러라고', '만든', '영화', '입니다', '대박', '은', '못', '치지만', '계속', '나오고', '어느', '정도', '수익', '거두고', '또', '나오고', '반복', '이', '죠']	9.304048937283635	3.16
170	170	QS_AZvv-tYY	궁합보려고햇는데 ㅋㅋ감사합니다 돈굳혔어여 이오빠덕에!!!!!	['궁합', '보려고', '햇', '는데', '감사합니다', '돈', '굳혔어여', '이', '오빠', '덕', '에']	2.162146112012904	1.06
171	171	QS_AZvv-tYY	리뷰가 더 재밌네요~~정말 한국영화 수준 깎아 먹는 영화네요	['리뷰', '가', '더', '재밌네요', '정말', '한국영', '화', '수준', '깎아', '먹는', '영화', '네', '요']	-4.791778245896854	-2.27
172	172	QS_AZvv-tYY	이승기만 남는영화 혼자 멋지게 나오고  심은경이나 개연성은 좀 개판임	['이승기', '만', '남는', '영화', '혼자', '멋지게', '나오고', '심은경', '이나', '개연', '성은', '좀', '개판', '임']	2.173612913253682	1.01
173	173	QS_AZvv-tYY	믿고배 없어서 보지 않았는데.ㅠ	['믿고', '배', '없어서', '보지', '않았는데']	-0.6934185531303041	-0.41
174	174	QS_AZvv-tYY	심은경은 점점 하드캐리가 지나가는 듯.. 연기는 잘하는데, 모든 역을 소화하지는 못하는듯..	['심은경', '은', '점점', '하드캐리', '가', '지나가는', '듯', '연기', '는', '잘', '하는데', '모든', '역', '을', '소화', '하', '지는', '못', '하는듯']	3.609158493554826	1.58
175	175	QS_AZvv-tYY	평소 리뷰 잘 보고 있습니다. 궁합을 개봉 전 볼 기회가 있었는데, 기대를 안하고 봐서 그런지 재밌었다 라는 감상이 남아있었습니다. 심은경 팬이라 재밌게 본것 같은데, 냉정하게 돌아보니, 리뷰에 공감가는 부분이 있네요. 또르르...	['평소', '리뷰', '잘', '보고', '있습니다', '궁합', '을', '개봉', '전', '볼', '기회', '가', '있었는데', '기대', '를', '안', '하고', '봐서', '그런지', '재밌었다', '라는', '감상', '이', '남아있었습니다', '심은경', '팬', '이라', '재밌게', '본것', '같은데', '냉정하게', '돌아보니', '리뷰', '에', '공감', '가는', '부분', '이', '있네요', '또르르']	3.4442792955725916	1.32
176	176	QS_AZvv-tYY	정말 보다가 나올정도로 쉣이었습니다.. 어쩔수없이 봣지만 역시나 적시나 였던.. 욕나옴	['정말', '보다가', '나올', '정도', '로', '쉣', '이었습니다', '어쩔', '수없이', '봣', '지만', '역시', '나', '적시나', '였던', '욕', '나옴']	-4.547177346140007	-2.04
177	177	QS_AZvv-tYY	라이너님 리뷰에 공감 합니다. 신은경의 연기에서 일단 많이 빡쳤고 사건이 너무 개연성 없이 드문 드문 터지고 <br>마지막 왕의 행동에서 이건 드라마보다 못하다 과연 관상에 감독이 맞나 싶을 정도 였어요	['라이너', '님', '리뷰', '에', '공감', '합니다', '신은경', '의', '연기', '에서', '일단', '많이', '빡쳤고', '사건', '이', '너무', '개연', '성', '없이', '드문', '드문', '터지고', '마지막', '왕', '의', '행동', '에서', '이건', '드라마', '보다', '못', '하다', '과연', '관상', '에', '감독', '이', '맞나', '싶을', '정도', '였어요']	2.46370484502726	0.94
178	178	QS_AZvv-tYY	아 그래요~좋은 정보 감사 역학 3부작이라고 하면서 광고 하길래 같은 감독인줄 알았네요ㅎㅎ	['아', '그래요', '좋은', '정보', '감사', '역학', '3', '부작', '이라고', '하면서', '광고', '하길래', '같은', '감독', '인', '줄', '알았네요']	4.199081799103876	1.88
179	179	QS_AZvv-tYY	저기여 틀린 말은 아니지만 관상에 감독은 한재림이에여... 역학 뭐시기 3부작이라곤 하지만 감독은 다른데....	['저기', '여', '틀린', '말', '은', '아니지만', '관상', '에', '감독', '은', '한재림', '이', '에여', '역학', '뭐시기', '3', '부작', '이라곤', '하지만', '감독', '은', '다른데']	-1.5938776535783632	-0.68
180	180	QS_AZvv-tYY	저 여주인공 쟤는...영화 선택을 오질라게 못하는건지... 쟤는 그릇이 그뿜인건지...	['저', '여', '주인공', '쟤', '는', '영화', '선택', '을', '오', '질라', '게', '못', '하는', '건지', '쟤', '는', '그릇', '이', '그', '뿜', '인', '건지']	0.5619850906831005	0.24
181	181	QS_AZvv-tYY	무엇보다 목소리가 너무 좋으심....너무 부러운 목소리	['무엇', '보다', '목소리', '가', '너무', '좋으', '심', '너무', '부러운', '목소리']	2.1122171747396656	1.06
182	182	QS_AZvv-tYY	저번주에 봐는데 컬쳐쇼크 리뷰 보고 볼려했는데 없어서 그냥 봐네요 ㅡㅡ<br>리뷰보고 정말 속시원하네요 내가 하고 싶은말을...  영화보고 정말 답답했는데 감사해요	['저번', '주', '에', '봐는데', '컬쳐쇼크', '리뷰', '보고', '볼려', '했는데', '없어서', '그냥', '봐네요', '리뷰', '보고', '정말', '속', '시원하네요', '내', '가', '하고', '싶은말을', '영화', '보고', '정말', '답답했는데', '감사해요']	-2.340787455790995	-0.97
183	183	QS_AZvv-tYY	한국영화는 태극기 휘날리며랑 실미도 이거 두개 빼면 볼만한게 없음 시대가 갈수록 퇴보함	['한국영', '화', '는', '태극기', '휘날리', '며', '랑', '실미도', '이', '거', '두', '개', '빼면', '볼', '만', '한', '게', '없음', '시대', '가', '갈수록', '퇴보함']	-4.852223721840899	-2.07
184	184	QS_AZvv-tYY	심은경의 오버연기를 좋아하지않아서 굳이 볼 이유가 없지. 거기다 연출에 스토리가 대충대충인가보니 거기다 수준까지 낮으니 최 최악인걸로 봅니다	['심은경', '의', '오버', '연기', '를', '좋아하지', '않아서', '굳이', '볼', '이유', '가', '없지', '거기', '다', '연출', '에', '스토리', '가', '대충대충', '인', '가보니', '거기', '다', '수준', '까지', '낮으니', '최', '최악', '인걸', '로', '봅니다']	-8.530717801825396	-3.42
185	185	QS_AZvv-tYY	난 출연진보고 감이 딱 오던데ㅡㅡ<br>보나마나 유치뽕짝일것같았음.	['난', '출연', '진보', '고', '감', '이', '딱', '오던데', '보나마나', '유치', '뽕짝', '일것', '같았음']	-0.7431890029062731	-0.35
186	186	QS_AZvv-tYY	보는 내내 짜증나서 돌아가실 뻔	['보는', '내내', '짜증나서', '돌아가실', '뻔']	-0.7431890029062731	-0.44
187	187	QS_AZvv-tYY	심은경은 선구안이 좀 부족해요... 이미 닥치는 대로 막 출연해야 하는 레벨은 이 영화 찍을 때부터 벗어났는데, 어째 출연작 수준이 극과 극..	['심은경', '은', '선구', '안이', '좀', '부족해요', '이미', '닥치는', '대로', '막', '출연', '해야', '하는', '레벨', '은', '이', '영화', '찍', '을', '때', '부터', '벗어났는데', '어째', '출연', '작', '수준', '이', '극', '과', '극']	-2.1232675492341397	-0.86
188	188	QS_AZvv-tYY	똑 소리 나네요. 연출 구성 각본까지 두루 비판해 주셔서 제가 다 부끄하네 요.~	['똑', '소리', '나네요', '연출', '구성', '각본', '까지', '두루', '비판', '해', '주셔서', '제', '가', '다', '부', '끄하네', '요']	-6.014360548187997	-2.7
189	189	QS_AZvv-tYY	스크린쿼터제없애야한다 이새끼들이 넥슨 엔씨처럼 자국민개돼지로 보는거랑 뭐가다르냐?<br>얼마나 관객수준을 개병신으로보면 이딴게 쏟아져나오냐고	['스크린쿼터제', '없애야', '한다', '이', '새끼', '들', '이', '넥슨', '엔씨', '처럼', '자국', '민개', '돼지', '로', '보는거랑', '뭐', '가', '다르냐', '얼마나', '관객', '수준', '을', '개', '병신', '으로', '보면', '이딴', '게', '쏟아져나오냐고']	-0.25362854128868784	-0.1
190	190	QS_AZvv-tYY	아니 무슨 공장장이세요? 리뷰를 마구 쏟아네ㅋㅋ 오늘도 재미있게 봤습니다ㅎㅎ 항상 응원합니다	['아니', '무슨', '공', '장장', '이세', '요', '리뷰', '를', '마구', '쏟아네', '오늘', '도', '재미있게', '봤습니다', '항상', '응원', '합니다']	4.554483433179566	2.04
191	191	QS_AZvv-tYY	여친때문에 봤는데...하...보고볼걸그랬습니다	['여친', '때문', '에', '봤는데하', '보고', '볼걸', '그랬습니다']	0.6341542839716483	0.34
192	192	QS_AZvv-tYY	이영화 첫 개봉날 보러가서 2시간 동안 팝콘 부수고 나왔습니다. 이영화 보기전 cgv체널에서 해준 매드맥스 5분이 영화 2시간 보다 재밌습니다. 무엇보다 관상은 쉬운말로 관객을 설득시켜서 아 이정재 정말 늑대상이다 이런 설득력이 있는데 이승기는 아무도 못알아듣는 궁합 용어로 비맞은 땡중마냥 궁시렁궁시렁 거립니다. 라이너님 말처럼 각부마들과의 스토리가 전부 따로 놀고있으니 왠 꼬맹이 위로하고 난봉꾼만나고 싸이코페스 만나고 인물 배경묘사도 엉망이고 심은경 배우는 죄송하지만 엑스트라보다 사극톤이 집중이 안되고 번갯불에  콩볶듯이 사랑에 빠지는데 정말 요번년도 1분기 최악의 영화라 이름 붙이고 박수 쳐드리고싶습니다.	['이영화', '첫', '개봉', '날', '보러가서', '2시간', '동안', '팝콘', '부수', '고', '나왔습니다', '이영화', '보기전', 'cgv', '체널', '에서', '해준', '매드', '맥스', '5분', '이', '영화', '2시간', '보다', '재밌습니다', '무엇', '보다', '관상', '은', '쉬운말로', '관객', '을', '설득', '시켜서', '아', '이정재', '정말', '늑대', '상', '이다', '이런', '설득', '력', '이', '있는데', '이승기', '는', '아무', '도', '못', '알아듣는', '궁합', '용어', '로', '비', '맞은', '땡', '중', '마냥', '궁', '시렁', '궁', '시렁', '거립니', '다', '라이너', '님', '말', '처럼', '각', '부마', '들', '과의', '스토리', '가', '전부', '따로', '놀고있으니', '왠', '꼬맹이', '위로', '하고', '난봉', '꾼', '만나고', '싸이코', '페스', '만나고', '인물', '배경', '묘사', '도', '엉망', '이고', '심은경', '배우는', '죄송하지만', '엑스트라', '보다', '사', '극', '톤', '이', '집중', '이', '안되고', '번갯불', '에', '콩', '볶듯이', '사랑', '에', '빠지는데', '정말', '요', '번', '년도', '1분', '기', '최악', '의', '영화', '라', '이름', '붙이', '고', '박수', '쳐', '드리고싶습니다']	-40.6886280054397	-13.08
193	193	QS_AZvv-tYY	요즘 한국영화 왜 이럴까요? 흡혈 괴마,  골든 슬럼버로 상처 입은 마음을 조금이나마 치유해보고자 궁합을 봤는데....... 라이너님 리뷰 정말 공감하고 합니다. 좋은 리뷰 감사합니다.	['요즘', '한국영', '화', '왜', '이럴까', '요', '흡혈', '괴마', '골든', '슬럼버', '로', '상처', '입은', '마음', '을', '조금', '이나마', '치유', '해보고자', '궁합', '을', '봤는데', '라이너', '님', '리뷰', '정말', '공감', '하고', '합니다', '좋은', '리뷰', '감사합니다']	-10.554257798909077	-4.21
194	194	QS_AZvv-tYY	이경민 한달뒤에 어벤져스 인피니티워 나오니까 그때까진 참아보죠	['이경민', '한', '달뒤', '에', '어벤져스', '인피니티', '워', '나오니까', '그때', '까진', '참아', '보죠']	0.0	0.0
195	195	QS_AZvv-tYY	전 재미있었는데...ㅠㅜ	['전', '재미있었는데']	0.0	0.0
196	196	QS_AZvv-tYY	광고를 보자마자 걸러야겠다라고 생각한 작품이긴한데 정말 심하네요;;	['광고', '를', '보자마자', '걸러', '야', '겠다라고', '생각', '한', '작품', '이긴한데', '정말', '심하네요']	-0.3561447316464812	-0.17
197	197	QS_AZvv-tYY	이런 졸작을 굳이 3년이나 묵혔다가 개봉하는 이유가 뭘까요? ㅋㅋ 완성도나 가다듬을 것이지.. 그나저나 요새 라이너님 리뷰에 2점짜리 영화가 자주 등장하는 것 같네요. 특히 한국영화 ㅠㅠ	['이런', '졸작', '을', '굳이', '3년', '이나', '묵혔다', '가', '개봉', '하는', '이유', '가', '뭘', '까요', '완성', '도나', '가다듬을', '것', '이지', '그나저나', '요새', '라이너', '님', '리뷰', '에', '2', '점', '짜리', '영화', '가', '자주', '등장', '하는', '것', '같네요', '특히', '한국영', '화']	-12.790301940163047	-4.96
198	198	QS_AZvv-tYY	&#39;쇼&#39;킹한 리뷰 &#39;궁합&#39;을 위 아랫줄로 써놓으니...이거 자꾸 &#39;속궁합&#39;으로 보이네;;;;;;	['39', '쇼', '39', '킹', '한', '리뷰', '39', '궁합', '39', '을', '위', '아랫', '줄', '로', '써놓으니이거', '자꾸', '39', '속궁합', '39', '으로', '보이', '네']	-0.4021831943050156	-0.17
199	199	QS_AZvv-tYY	관상 감독이라 해서 기대했는데.. 리뷰 잘보고 갑니다!	['관상', '감독', '이라', '해서', '기대했는데', '리뷰', '잘', '보고', '갑니다']	2.7970830839167644	1.43
200	200	QS_AZvv-tYY	한국영화 제발...... 이러지 좀 말자..........<br>돈 수십억써서 이딴거 만들거면 불우이웃이나 돕자	['한국영', '화', '제발', '이러지', '좀', '말', '자', '돈', '수십', '억', '써서', '이딴', '거', '만들거면', '불우', '이웃', '이나', '돕자']	-4.4879130769813536	-1.99
201	201	QS_AZvv-tYY	관상이 억울하죠... 영화를 이렇게 쉽게 만드는 건가?! 하는 생각이 들더라고요~ 심은경 연기를 보면서 영화를 못보겠다라는 정도로 연기가 불편하게 느껴져요~ 늘 비슷한 감정연기, 발성... 극장에서 돈주고 보기 아까워요~ 제가 출연한 배우면 두고두고 후회가 남을 만큼... 엉망인듯 합니다. 영화 만드는데 많은돈과 도움, 과정이 필요하다고 들었는데 이렇게 쉽게 영화만들어도 되나 하는 생각이 들었음	['관상', '이', '억울하죠', '영화', '를', '이렇게', '쉽게', '만드는', '건가', '하는', '생각', '이', '들더라고요', '심은경', '연기', '를', '보면서', '영화', '를', '못', '보겠다라는', '정도', '로', '연기', '가', '불편하게', '느껴져요', '늘', '비슷한', '감정', '연기', '발성', '극장', '에서', '돈', '주고', '보기', '아까워요', '제', '가', '출연', '한', '배우면', '두고두고', '후회', '가', '남', '을', '만큼', '엉망', '인', '듯', '합니다', '영화', '만드는데', '많은', '돈', '과', '도움', '과정', '이', '필요하다고', '들었는데', '이렇게', '쉽게', '영화', '만들어도', '되나', '하는', '생각', '이', '들었음']	-17.448182273514927	-6.11
202	202	QS_AZvv-tYY	이승기도 영화은근...볼만한게 없음	['이승기', '도', '영화', '은근', '볼', '만', '한', '게', '없음']	0.06590610048868051	0.03
203	203	QS_AZvv-tYY	승줌들 몰려올거같아서 무섭 ㄷㄷ	['승줌', '들', '몰려올거', '같아서', '무섭']	0.0	0.0
204	204	QS_AZvv-tYY	세상에앞니괜찮습니까?아너무웃기네요	['세상', '에', '앞니', '괜찮습니까', '아', '너무', '웃기네요']	0.18451408591669535	0.1
205	205	QS_AZvv-tYY	관상에 이은 나오는 역학시리즈라고 했지만 조선미녀삼총사의 냄새가 나서 거르긴했는데......<br>희생부활자가 2점이었죠?	['관상', '에', '이', '은', '나오는', '역학', '시리즈', '라고', '했지만', '조선', '미녀삼총사', '의', '냄새', '가', '나서', '거르', '긴', '했는데', '희생', '부활', '자', '가', '2', '점', '이었죠']	0.4333663347965391	0.18
206	206	QS_AZvv-tYY	어휴~~ 간만의 화면조정시간 간만의 2점 잘 봤습니다 ^^	['어휴', '간만', '의', '화면', '조정', '시간', '간만', '의', '2', '점', '잘', '봤습니다']	1.1252498167580365	0.54
207	207	QS_AZvv-tYY	옹 자막이 생겼녜요! 재밌는 리뷰 감사합니댜 😀	['옹', '자막', '이', '생겼', '녜', '요', '재밌는', '리뷰', '감사합니', '댜']	2.320198897486901	1.16
208	208	QS_AZvv-tYY	어째, 영화 보다 라이너님 이보다 더 재미있는거 같은 이 느낌적인 느낌은 뭐죠🤣<br>항상 영상 너무 잘 보고 있습니다.. 감사합니다.	['어째', '영화', '보다', '라이너', '님', '이보', '다', '더', '재미있는거', '같은', '이', '느낌', '적', '인', '느낌', '은', '뭐', '죠', '항상', '영상', '너무', '잘', '보고', '있습니다', '감사합니다']	5.212341072262687	2.17
209	209	QS_AZvv-tYY	라이너님 늘 좋은리뷰 솔직한리뷰 거짓없는 리뷰해주셔서 감사해요~^^<br>힘내세요!!	['라이너', '님', '늘', '좋은', '리뷰', '솔직한', '리뷰', '거짓', '없는', '리뷰', '해주셔서', '감사해요', '힘내세요']	1.018334977591049	0.48
210	210	QS_AZvv-tYY	기집애들 수준맞추면 저런게 나옵니다	['기', '집애', '들', '수준', '맞추면', '저런', '게', '나옵니다']	-1.0722969111770329	-0.56
211	211	QS_AZvv-tYY	네 다음 자집애~ ㅋㅋㅋ 자집애들은 말하는교육이나좀 다시배워야겠네ㅋㅋㅋ	['네', '다음', '자집애', '자집애', '들', '은', '말', '하는', '교육', '이나', '좀', '다시', '배워야겠네']	-1.143058751185258	-0.54
212	212	QS_AZvv-tYY	편협 그자체 메갈이 명분을 얻는 이유	['편협', '그', '자체', '메', '갈이', '명분', '을', '얻는', '이유']	-0.6934185531303041	-0.35
213	213	QS_AZvv-tYY	저는 궁합 재밌게 봐서 라이너님은 어떻게 봤는지 궁금해서 들어왔고요 라이너님이 혹평하시길래 더 안봤어요 근데 댓글에 너님의 말이 절 빡치게해서 댓글 단거구요 아침부터 너님에 댓글을 본 저도 잘못이네요 너님도 기집애라는 표현 자제했으면 합니다	['저', '는', '궁합', '재밌게', '봐서', '라이너', '님', '은', '어떻게', '봤는지', '궁금해서', '들어왔고요', '라이너', '님', '이', '혹평', '하시길래', '더', '안', '봤어요', '근데', '댓글', '에', '너', '님', '의', '말', '이', '절', '빡치게', '해서', '댓글', '단', '거구', '요', '아침', '부터', '너', '님', '에', '댓글', '을', '본', '저', '도', '잘못이네요', '너', '님', '도', '기', '집애', '라는', '표현', '자제', '했으면', '합니다']	-0.7965923180393659	-0.29
214	214	QS_AZvv-tYY	하이룽 그렇게 생각안해서 영상 보러 온거구요 분명히 라이너씨도 첨에 까는 내용이니까 거를사람은 거르라고 친절하게 말했는데 굳이 밑에 있는 제댓글 찾아오셔서 시비를 걸고 계시네요.	['하이', '룽', '그렇게', '생각', '안해', '서', '영상', '보러', '온', '거구', '요', '분명히', '라이너', '씨', '도', '첨', '에', '까는', '내용', '이니까', '거', '를', '사람', '은', '거르', '라고', '친절하게', '말', '했는데', '굳이', '밑', '에', '있는', '제', '댓글', '찾아오셔서', '시비', '를', '걸고', '계시네요']	-6.585770505800303	-2.53
215	215	QS_AZvv-tYY	하이룽 근데 이게 ㄹㅇ 계집애들 수준 맞음	['하이', '룽', '근데', '이', '게', '계집애', '들', '수준', '맞음']	-1.815485914083306	-0.93
216	216	QS_AZvv-tYY	좋은영화는  스포있어도  재미있음~~~~~	['좋은', '영화', '는', '스포', '있어도', '재미있음']	-0.3672530693086742	-0.21
217	217	QS_AZvv-tYY	라이너님 요즘 유머가 상당히 느셨군요 ㅋㅋ 리뷰 잘 보고 갑니다	['라이너', '님', '요즘', '유머', '가', '상당히', '느셨군요', '리뷰', '잘', '보고', '갑니다']	2.2096291073834715	1.08
218	218	QS_AZvv-tYY	화면조정이 꽤 자주 나오네요 ㅋㅋㅋㅋㅋㅋㅋㅋ	['화면', '조', '정이', '꽤', '자주', '나오네요']	0.09954089955193646	0.06
219	219	QS_AZvv-tYY	관상에서 파도가 아니라 바람을 봐야 했다는 제작진은 대체 어디로 간걸까	['관상', '에서', '파도', '가', '아니라', '바람', '을', '봐야', '했다는', '제', '작', '진', '은', '대체', '어디', '로', '간', '걸까']	-0.4381426272053819	-0.19
220	220	QS_AZvv-tYY	이렇게 만족스러운 리뷰를봤나..빵빵 터집니다	['이렇게', '만족스러운', '리뷰', '를', '봤나', '빵빵', '터집니다']	2.3699693472628702	1.28
221	221	QS_AZvv-tYY	촌철살인 리뷰네요. 좋습니다😀😀	['촌철', '살인', '리뷰', '네', '요', '좋습니다']	-2.6798011025130988	-1.51
222	222	QS_AZvv-tYY	라이너님 리뷰의 순기능중 하나!!<br>무조건 거를만한 영화도 리뷰해주셔서 <br>영화를 감상하는 만족감보다<br>영화를 논리적으로 까는맛이 더 좋다!!	['라이너', '님', '리뷰', '의', '순', '기능', '중', '하나', '무조건', '거', '를', '만', '한', '영화', '도', '리뷰', '해주셔서', '영화', '를', '감상', '하는', '만족감', '보다', '영화', '를', '논리', '적', '으로', '까는', '맛', '이', '더', '좋다']	3.3812382691702743	1.34
223	223	QS_AZvv-tYY	항상 재밌게 보고있습니다. 특히 이런 스포포함리뷰 완전사랑합니다.	['항상', '재밌게', '보고있습니다', '특히', '이런', '스포', '포함', '리뷰', '완전', '사랑', '합니다']	1.944124751343604	0.95
224	224	QS_AZvv-tYY	심은경의 영화선택이 썩 좋은편이 아닌게 이걸로 드러난게 아닌가 싶음	['심은경', '의', '영화', '선택', '이', '썩', '좋은', '편이', '아닌게', '이', '걸', '로', '드러난게', '아닌가', '싶음']	2.456398757987695	1.13
225	225	QS_AZvv-tYY	와요새 열일하시네요 감사합니다 항상 재밌게 공감하며 보고있습니닿ㅎㅎ	['와', '요새', '열', '일', '하시네요', '감사합니다', '항상', '재밌게', '공감', '하며', '보고있', '습', '니', '닿']	3.1861261932664884	1.48
226	226	QS_AZvv-tYY	똥피하기	['똥', '피하기']	0.0	0.0
227	227	QS_AZvv-tYY	이 리뷰를 보면서 &quot;그것만이 내 세상&quot;의 영화가 생각이 나더군요. 제 기억에 라이너님이 그 영화의 스토리와 연출이 좀 부족했지만 연기자들의 연기가 너무나 좋았다는 평가를 하셨는데....&quot;궁합&quot;에 나온 배우들 (김상경씨와 조복래씨 빼고)은 아무래도 연기의 한개가 있었다는 생각을 합니다.  많은 배우들이 연기를 잘하는것도 중요하지만,,,좋은 영화/작품을 볼수 있는 탁월한 선택도 필요한것 같아요....저도 preview보고 혹시 ....했는데....역시...였군요.	['이', '리뷰', '를', '보면서', 'quot', '그것', '만이', '내', '세상', 'quot', '의', '영화', '가', '생각', '이', '나더군요', '제', '기억', '에', '라이너', '님', '이', '그', '영화', '의', '스토리', '와', '연출', '이', '좀', '부족했지만', '연기자', '들', '의', '연기', '가', '너무나', '좋았다는', '평가', '를', '하셨는데', 'quot', '궁합', 'quot', '에', '나온', '배우', '들', '김상경', '씨', '와', '조복', '래', '씨', '빼고은', '아무래도', '연기', '의', '한', '개', '가', '있었다는', '생각', '을', '합니다', '많은', '배우', '들', '이', '연기', '를', '잘', '하는것도', '중요하지만', '좋은', '영화', '작품', '을', '볼수', '있는', '탁월한', '선택', '도', '필요한것', '같아요', '저', '도', 'preview', '보고', '혹시', '했는데', '역시였군요']	5.143062455570793	1.74
228	228	QS_AZvv-tYY	오랜만에 신랄하게 까는 모습 너무 재밌었어요ㅋㅋㅋㅋ 솔직히 예고편 보고 딱 그럴거같다 싶었는데 정말이였네요	['오랜', '만', '에', '신랄하게', '까는', '모습', '너무', '재밌었어요', '솔직히', '예고편', '보고', '딱', '그럴거', '같다', '싶었는데', '정말', '이', '였네요']	-1.6902360973252666	-0.75
229	229	QS_AZvv-tYY	데우스 엑스 마키나를 가장 최악으로 활용한 영화로 기억될듯...	['데', '우스', '엑스', '마키', '나를', '가장', '최악', '으로', '활용', '한', '영화로', '기억', '될듯']	-3.815485914083303	-1.8
230	230	QS_AZvv-tYY	WRYYY 사실 데우스가나온다는거 자체가 이미 수습이 안되는 수준 ㅋㅋ	['WRYYY', '사실', '데', '우스', '가', '나온다는거', '자체', '가', '이미', '수습', '이', '안되는', '수준']	-1.815485914083306	-0.86
231	231	QS_AZvv-tYY	영상 잘 봤습니다 요즘 한국영화 시나리오 왜 이럴까요 참 수준이 ‥	['영상', '잘', '봤습니다', '요즘', '한국영', '화', '시나리오', '왜', '이럴까', '요', '참', '수준', '이']	-4.986855044514198	-2.36
232	232	QS_AZvv-tYY	이딴 영화 만들거면 불우이웃돕기를 해라	['이딴', '영화', '만들거면', '불우', '이웃', '돕기', '를', '해', '라']	-1.880875063496128	-0.96
233	233	QS_AZvv-tYY	예고만 봐도 화가 치밀고 짜증나던 영화는 오랜만이였는데.. 역시는 역시군요 ㅎㅎㅎ	['예고', '만', '봐도', '화가', '치밀', '고', '짜증나던', '영화', '는', '오랜', '만이', '였는데', '역시', '는', '역시군요']	-3.855166146290028	-1.77
234	234	QS_AZvv-tYY	예고편 이나 이 영화의 정보를 알지 못한 상태에서 짝꿍이 보자고 해서 본 영화....심은경이 공(옹)주로 나온다고 해서 먼가 한국판 프린세스다이어리 같은 로맨틱코미디를 기대했었는데........ 짝꿍이 나오면서 미안하다고 한 영화 ㅋㅋㅋ	['예고편', '이나', '이', '영화', '의', '정보', '를', '알', '지', '못', '한', '상태', '에서', '짝꿍', '이', '보자고', '해서', '본', '영화', '심은경', '이', '공', '옹주', '로', '나온다고', '해서', '먼가', '한국판', '프린세스다이어리', '같은', '로맨틱코미디', '를', '기대했었는데', '짝꿍', '이', '나오면서', '미안하다고', '한', '영화']	0.2525406664749734	0.1
235	235	QS_AZvv-tYY	라이너님 컨텐츠 주기가 너무 빨라 밥은 드시면서 편집하시는지 궁금 하네요 잘보고 있습니다<br>아 물론 호드는 항상 옳습니다	['라이너', '님', '컨텐츠', '주기', '가', '너무', '빨라', '밥', '은', '드시면서', '편집', '하시는지', '궁금', '하네요', '잘', '보고', '있습니다', '아', '물론', '호드', '는', '항상', '옳습니다']	4.052952905581006	1.72
236	236	QS_AZvv-tYY	호드도 사랑해 주시는 라이너님 감사합니다 ^_^	['호드', '도', '사랑', '해', '주시', '는', '라이너', '님', '감사합니다']	0.3258532868152444	0.17
237	237	QS_AZvv-tYY	중간중간 짤들 넘 웃겨요ㅋㅋㅋㅋㅋㅋㅋㅋㅋㅋㅋㅋㅋㅋㅋ 진짜 크게 웃었습니다ㅋㅋㅋㅋㅋㅋㅋㅋㅋ	['중간', '중간', '짤', '들', '넘', '웃겨요', '진짜', '크게', '웃었습니다']	-0.37887835804672587	-0.19
238	238	QS_AZvv-tYY	라이너님 항상 감사해요! 남 눈치 안보고 뚝심있게 리뷰하시는거 정말 좋아요! 영상 만드느라 항상 고생하시네요! 환절기 건강 조심하세요!  감사합니다	['라이너', '님', '항상', '감사해요', '남', '눈치', '안보', '고', '뚝심', '있게', '리뷰', '하시는거', '정말', '좋아요', '영상', '만드느라', '항상', '고생', '하시네요', '환절기', '건강', '조심하세요', '감사합니다']	1.6942875629093097	0.72
239	239	QS_AZvv-tYY	그건 당신의 생각이고 ...	['그건', '당신', '의', '생각', '이고']	-1.6129557287402052	-0.95
240	240	QS_AZvv-tYY	라이너 님이 리뷰안해줘도 걸르긴 했겠지만 궁금은 하니까 라이너님 리뷰로 대신하겠습니다ㅋㅋㅋㅋ	['라이너', '님', '이', '리뷰', '안', '해줘도', '걸르긴', '했겠지만', '궁', '금은', '하니까', '라이너', '님', '리뷰', '로', '대신', '하겠습니다']	0.040861438992113364	0.02
241	241	QS_AZvv-tYY	뚝심있는 리뷰ㅡ잘 보고 있습니다.	['뚝심', '있는', '리뷰', '잘', '보고', '있습니다']	2.7970830839167604	1.57
242	242	QS_AZvv-tYY	심은경 이승기라는걸 보고 안봤는데ㅋㅋ 역시나	['심은경', '이승기', '라', '는걸', '보고', '안', '봤는데', '역시', '나']	2.0162150978234106	1.03
243	243	QS_AZvv-tYY	심은경은 대박 아니면 쪽박인건가... 요즘은 계속 쪽박 (흥행여부와 상관없이 영화 퀄이...) 작품 보는 눈이 없는건지 아니면 어쩌다 얻어걸린 영화가 성공한건지... 수상한 그녀랑 써니는 참 재밌게봤는데	['심은경', '은', '대박', '아니면', '쪽박', '인', '건가', '요즘', '은', '계속', '쪽박', '흥행', '여부', '와', '상관없이', '영화', '퀄', '이', '작품', '보는', '눈', '이', '없는', '건지', '아니면', '어쩌다', '얻어', '걸린', '영화', '가', '성공한', '건지', '수상한', '그녀', '랑', '써니', '는', '참', '재밌게', '봤는데']	6.9827874637593315	2.68
244	244	QS_AZvv-tYY	C.R kim 영화리뷰채널 사랑합니다	['CR', 'kim', '영화리뷰', '채널', '사랑', '합니다']	1.979008609767744	1.11
245	245	QS_AZvv-tYY	現 일반 대학생前 치킨집 알바생 이분 뷰티채널만 오는게 아니었네요 괜히 반가움	['일반', '대학생', '치킨', '집', '알바생', '이분', '뷰티', '채널', '만', '오는게', '아니었네요', '괜히', '반가', '움']	0.0	0.0
246	246	QS_AZvv-tYY	도대체 한국영화는 왜 그럴까요?	['도대체', '한국영', '화', '는', '왜', '그럴까', '요']	-3.4156161658043205	-1.85
247	247	QS_AZvv-tYY	혹시나가 역시나로다....	['혹시', '나가', '역시나로다']	0.0	0.0
248	248	QS_AZvv-tYY	관상은 정말 감명깊게 잘 봤는데... 여러모로 아쉬운 작품인 것 같네요. 라이너님 나중에 시간 나시면 관상 리뷰도 부탁드려요~!	['관상', '은', '정말', '감명', '깊게', '잘', '봤는데', '여러', '모로', '아쉬운', '작품', '인', '것', '같네요', '라이너', '님', '나중', '에', '시간', '나시', '면', '관상', '리뷰', '도', '부탁드려요']	1.8097593591044865	0.75
249	249	QS_AZvv-tYY	심은경은 광해, 수상한 그녀 이후로는 운을 다 쓴 것 같다... 특별시민, 염력, 궁합 참...	['심은경', '은', '광해', '수상한', '그녀', '이후', '로는', '운', '을', '다', '쓴', '것', '같다', '특별', '시민', '염력', '궁합', '참']	-4.415593479923038	-1.96
250	250	QS_AZvv-tYY	지뢰 피하게 해주셔서 감사합니다	['지뢰', '피하', '게', '해주셔서', '감사합니다']	0.6549611950860015	0.39
251	251	QS_AZvv-tYY	관상은 참 좋았는데...예고편만보고도 불길하더라니..	['관상', '은', '참', '좋았는데', '예고편', '만', '보고', '도', '불길하더라니']	1.3773432868779245	0.7
252	252	QS_AZvv-tYY	음....mbc 퓨전 로코 사극물에 적당한 스토리임 아니 과거 수준미달 인터넷소설에 적당할 듯	['음', 'mbc', '퓨전', '로코', '사', '극', '물', '에', '적당한', '스토리', '임', '아니', '과거', '수준', '미달', '인터넷', '소설', '에', '적당할', '듯']	-0.3516343696718238	-0.15
253	253	QS_AZvv-tYY	필터 라이너님ㅋㅋ  감사합니다👍	['필터', '라이너', '님', '감사합니다']	1.0192718399455485	0.64
254	254	QS_AZvv-tYY	기다렸습니다!! 영상 감사합니다. 잘 보겠습니다. :)	['기다렸습니다', '영상', '감사합니다', '잘', '보겠습니다']	1.446385576599439	0.85
255	255	QS_AZvv-tYY	점쟁이를 신뢰하는군왕이라.... 우리나라부로부터 동쪽으로 약 4만km떨어진 국가의 18대 대통령과 비슷하군요	['점', '쟁이', '를', '신뢰', '하는', '군왕', '이라', '우리나라', '부로', '부터', '동쪽', '으로', '약', '4만', 'km', '떨어진', '국가', '의', '18', '대', '대통령', '과', '비슷하군요']	0.6499007014969866	0.28
256	256	QS_AZvv-tYY	4만키로면 한바쿠돌았군요ㅋ	['4만', '키로면', '한', '바쿠', '돌았군요']	0.0	0.0
257	257	QS_AZvv-tYY	끄지라 조선족새끼야 니나라로	['끄지라', '조선족', '새끼', '야', '니', '나라', '로']	0.0	0.0
258	258	QS_AZvv-tYY	소재욱 오~ 그 나라 19대 대통령은 적국을 지지하고 적국 수장을 옹호하고 <br>그 수하들과 추종자들은 여자들을 강간한다죠. 국민수준부터 저질인 나라인거 같습니다ㅋ	['소', '재욱', '오', '그', '나라', '19', '대', '대통령', '은', '적국', '을', '지지', '하고', '적국', '수장', '을', '옹호', '하고', '그', '수하', '들', '과', '추종자', '들', '은', '여자', '들', '을', '강간', '한다죠', '국민', '수준', '부터', '저', '질', '인', '나라', '인거', '같습니다']	-3.5439134390186884	-1.37
259	259	QS_AZvv-tYY	어?! 굿타이밍!! 이거 보려고 했는데 덕분에 이 영화를 피할 수 있겠네요 ㅎㅎㅎㅎ	['어', '굿', '타이밍', '이', '거', '보려고', '했는데', '덕분', '에', '이', '영화', '를', '피', '할', '수', '있겠네요']	-0.4154884479158383	-0.19
260	260	QS_AZvv-tYY	늦은 시간에 고생 많으십니다.	['늦은', '시간', '에', '고생', '많으십니다']	-0.27933745849479097	-0.16
261	261	MBJ9Kcuf4n4	이영화의 최대 단점은 관상에 묻어 가려고 한것이다	['이영화', '의', '최대', '단점', '은', '관상', '에', '묻어', '가려고', '한', '것', '이다']	-0.4879130769813506	-0.23
262	262	MBJ9Kcuf4n4	옹주의 결혼에 적의라니..참다참다 결혼식 장면에서 ..정말 빵터짐;;ㅡ ㅡ;뭐하는 영화지;	['옹주', '의', '결혼', '에', '적의', '라니', '참다', '참다', '결혼식', '장면', '에서', '정말', '빵터짐', '뭐', '하는', '영화', '지']	-1.4123059921107992	-0.63
263	263	MBJ9Kcuf4n4	영화 본 사람들 재미부분은 개취니까 호불호 갈려도 이승기가 연기한 서도윤이 멋지다가 대부분인데. 뭘 이승기더러 웃기래.	['영화', '본', '사람', '들', '재미', '부분', '은', '개취', '니까', '호불호', '갈려도', '이승기', '가', '연기', '한', '서', '도윤', '이', '멋지다가', '대부분', '인데', '뭘', '이승기', '더러', '웃기', '래']	5.719851586411448	2.37
264	264	MBJ9Kcuf4n4	엉준님 손에 들고계신 태블릿은 어떤 모델이에요?? 사이즈가 딱 좋네요	['엉', '준', '님', '손', '에', '들고계신', '태블릿', '은', '어떤', '모델', '이에요', '사이즈', '가', '딱', '좋네요']	0.0	0.0
265	265	MBJ9Kcuf4n4	진짜 개봉시기 잘 잡은 듯 ... 이승기만 빠졌으면 히트 못 쳤을 듯 ...	['진짜', '개봉', '시기', '잘', '잡은', '듯', '이승기', '만', '빠졌으면', '히트', '못', '쳤을', '듯']	1.360862258620325	0.64
266	266	MBJ9Kcuf4n4	이승기 군대갔을때 개봉하려했는데. 비중이 커서 제대 기다렸다들음	['이승기', '군대', '갔을', '때', '개봉', '하려', '했는데', '비중', '이', '커서', '제대', '기다렸다', '들음']	0.20512723224734075	0.1
267	267	MBJ9Kcuf4n4	대박 대박 나세요 이.승기.대박.커피 한잔하고 오늘 하루도 즐겁게 보내세요.	['대박', '대박', '나세요', '이승기', '대박', '커피', '한잔', '하고', '오늘', '하루', '도', '즐겁게', '보내세요']	2.654961195086004	1.26
268	268	MBJ9Kcuf4n4	팝콘무비로 볼만함	['팝콘', '무비', '로', '볼', '만', '함']	-0.7431890029062731	-0.42
269	269	MBJ9Kcuf4n4	성균관스캔들 스타일ㅋㅋ 드라마로 나온다면 꽤 흥행하겠지만 내 돈 주고 영화관에서 보기는 아까움	['성균관', '스캔들', '스타일', '드라마', '로', '나온다면', '꽤', '흥행', '하겠지만', '내', '돈', '주고', '영화관', '에서', '보기', '는', '아까', '움']	2.271491023748326	1.01
270	270	MBJ9Kcuf4n4	궁합이라.......	['궁합', '이라']	-0.44304463329712895	-0.34
271	271	MBJ9Kcuf4n4	제 취향은 아닙니다ㅋㅋㅋㅋㅋㅋㅋㅋㅋ저두요..	['제', '취향', '은', '아닙니다', '저', '두', '요']	0.0	0.0
272	272	MBJ9Kcuf4n4	가까운 상영관이 없어서 어떨까 했는데 ㅋㅋㅋㅋㅋㅋ 인소스타일이라면 패스...하겠습니다	['가까운', '상영', '관', '이', '없어서', '어떨까', '했는데', '인소', '스타일', '이', '라면', '패스', '하겠습니다']	-2.1782614877740447	-1.03
273	273	MBJ9Kcuf4n4	단점없이 극찬을받는 리뷰를 볼수있는 국내작품은 과연 나올것인가	['단점', '없이', '극찬', '을', '받는', '리뷰', '를', '볼수있는', '국내', '작품', '은', '과연', '나올것인가']	1.1629287999451123	0.55
274	274	MBJ9Kcuf4n4	영상 볼륨이 왔다갔다하네요...	['영상', '볼륨', '이', '왔다', '갔다하네요']	-0.1588051687105938	-0.09
275	275	MBJ9Kcuf4n4	데이트 영화라니... 전 패스해야겠네요 ㅋㅋ 차라리 그 돈을 아껴 인피니트워를 최고사양으로 봐야겠어요	['데이트', '영화', '라니', '전', '패스', '해야겠네요', '차라리', '그', '돈', '을', '아껴', '인피니트', '워', '를', '최고', '사양', '으로', '봐야겠어요']	2.582976480915357	1.15
276	276	MBJ9Kcuf4n4	미세먼짘ㅋㅋㅋㅋㅋ 넘웃기네요 ㅋㅋ 오늘도 믿고보는 엉준님 영상! 감사합니다 ㅎㅎ	['미세', '먼짘', '넘', '웃기네요', '오늘', '도', '믿고', '보는', '엉', '준', '님', '영상', '감사합니다']	1.446385576599439	0.68
277	277	MBJ9Kcuf4n4	아무 생각없이 그냥 피식 거리고 싶은 사람들한테 추천작...  커플끼리 가서 보면.. 가볍게 볼 만함.	['아무', '생각', '없이', '그냥', '피식', '거리', '고', '싶은', '사람', '들', '한테', '추천', '작', '커플', '끼리', '가서', '보면', '가볍게', '볼', '만', '함']	-4.1237735110242335	-1.78
278	278	MBJ9Kcuf4n4	저 오늘 딱 보고왔는데.. 조선시대 궁중 로맨스물 라이트노벨 느낌..?  -.-<br>뻔하고 흔한 로코물인데 영상미는 이쁜.. 이승기는 첨부터 끝까지 가오잡고 아님 오글.. 역학3부작 니라고 안붙였음 좋겠더라구여 -.-	['저', '오늘', '딱', '보고왔는데', '조선시대', '궁', '중', '로맨스', '물', '라이트노벨', '느낌', '뻔하고', '흔한', '로코', '물', '인데', '영', '상미', '는', '이쁜', '이승기', '는', '첨부', '터', '끝', '까지', '가오', '잡고', '아님', '오', '글', '역학', '3', '부작', '니', '라고', '안', '붙였음', '좋겠더라', '구', '여']	3.1202663593500084	1.19
279	279	MBJ9Kcuf4n4	관상 감독이 만들었다길래 기대했다가 배우들 라인업 보고는 관상같은 분위기와는 거리가 먼 배우들이라서 일단 무거운쪽으로는 기대를 안했는데 봐보니 역시 트레일러나 배우 라인업에서 예측할수 있듯 가벼운 로코물 이더군요. 기대를 버리고 로맨틱 코미디물을 보러 간다고 생각하면 나쁘지 않았습니다.	['관상', '감독', '이', '만들었다길래', '기대했다가', '배우', '들', '라인업', '보고', '는', '관상', '같은', '분위기', '와는', '거리', '가', '먼', '배우', '들', '이라서', '일단', '무거운', '쪽', '으로는', '기대', '를', '안', '했는데', '봐', '보니', '역시', '트레일러', '나', '배우', '라인업', '에서', '예측', '할수', '있듯', '가벼운', '로코', '물', '이더군요', '기대', '를', '버리고', '로맨틱', '코미디', '물', '을', '보러', '간다', '고', '생각', '하면', '나쁘지', '않았습니다']	4.101751816018005	1.49
280	280	MBJ9Kcuf4n4	관상 감독이 아니라 제작진이에요.	['관상', '감독', '이', '아니라', '제', '작', '진', '이에요']	0.7929594526822449	0.42
281	281	MBJ9Kcuf4n4	관상 감독이  연출을 맡았다고 해서 기대하고 있었는데 엉준님 영상을 봐서 다행이네요! 감사합니다 :D	['관상', '감독', '이', '연출', '을', '맡았다고', '해서', '기대하고', '있었는데', '엉', '준', '님', '영상', '을', '봐서', '다행', '이네', '요', '감사합니다', 'D']	0.21681856788061984	0.09
282	282	MBJ9Kcuf4n4	관상 감독이 아니라 제작진입니다	['관상', '감독', '이', '아니라', '제', '작', '진입', '니', '다']	0.7929594526822449	0.41
283	283	MBJ9Kcuf4n4	저는 민호 보러갔어요!	['저', '는', '민호', '보러', '갔어요']	0.8427299024582109	0.5
284	284	MBJ9Kcuf4n4	엉준님 좀 있으면 3만이내요ㅎ <br>여러분 구독 눌러요ㅎ	['엉', '준', '님', '좀', '있으면', '3만', '이내요', '여러분', '구독', '눌러요']	0.0	0.0
285	285	MBJ9Kcuf4n4	아 리뷰 기다렸어요. 스토리라인이 완전 인터넷소설......저는 많이 실망했어요	['아', '리뷰', '기다렸어요', '스토리', '라인', '이', '완전', '인터넷', '소설', '저', '는', '많이', '실망했어요']	-1.7746244750911926	-0.84
286	286	MBJ9Kcuf4n4	엉준 Movie Review ㅋㅋㅋ아니 이렇게 찰떡같이 말씀해주시면ㅋㅋㅋㅋ 리뷰 잘봤어요😊	['엉', '준', 'Movie', 'Review', '아니', '이렇게', '찰떡', '같이', '말씀', '해주시면', '리뷰', '잘', '봤어요']	0.6267803443565974	0.3
287	287	MBJ9Kcuf4n4	귀여니 소설 느낌 나죠?	['귀여니', '소설', '느낌', '나죠']	0.0	0.0
288	288	MBJ9Kcuf4n4	ㅋㅋㅋㅋ 항상 믿고 볼지 안볼지 결정합니다 ㅋㅋㅋ	['항상', '믿고', '볼', '지', '안', '볼지', '결정', '합니다']	2.9292381599917747	1.54
289	289	MBJ9Kcuf4n4	관상같은 경우 우리나라 역사의 한 부분에 잘 녹아들여 세조때의 이야기를 긴장감 넘치게 풀어서 재밌게 본 기억이 있습니다. 그러므로 이건 패스	['관상', '같은', '경우', '우리나라', '역사', '의', '한', '부분', '에', '잘', '녹아', '들여', '세', '조', '때', '의', '이야기', '를', '긴장감', '넘치게', '풀어서', '재밌게', '본', '기억', '이', '있습니다', '그러므로', '이건', '패스']	3.4252004215834737	1.39
290	290	MBJ9Kcuf4n4	궁합 리뷰 진짜 보고 싶었는데 정말 반갑네요!😍❤️👍	['궁합', '리뷰', '진짜', '보고', '싶었는데', '정말', '반갑네요']	-0.6107588127915782	-0.33
291	291	MBJ9Kcuf4n4	엉덩준 궁덩합	['엉', '덩준', '궁덩합']	0.0	0.0
292	292	MBJ9Kcuf4n4	허허 생각보다 재밌게봄ㅋ	['허허', '생각', '보다', '재밌게', '봄']	0.9774735385989376	0.58
293	293	MBJ9Kcuf4n4	엉준님과 나는 궁합이 잘 맞는다.ㅋㅋ	['엉', '준', '님', '과', '나', '는', '궁합', '이', '잘', '맞는다']	0.5569553667028709	0.28
294	294	MBJ9Kcuf4n4	1	['1']	0.0	0.0
295	295	cV-AACKw-uY	연우진 배우님 연기 👍	['연우진', '배우', '님', '연기']	1.3698905004541353	0.86
296	296	cV-AACKw-uY	항상 건강하시고 행복하시길 바랍니다.ㅡ.좋아.정말 너무 좋아 대박 대박 나세요 이.승기.대박.항상 응원하고 있습니다 화이팅 화이팅입니다.이.승.기.씨.	['항상', '건강하시고', '행복하시길', '바랍니다', '좋아', '정말', '너무', '좋아', '대박', '대박', '나세요', '이승기', '대박', '항상', '응원', '하고', '있습니다', '화이팅', '화이팅', '입니다', '이승기', '씨']	5.866719269377606	2.5
297	297	cV-AACKw-uY	궁합 잼잇어요 꼭보세요^^	['궁합', '잼', '잇어요', '꼭', '보세요']	-0.44304463329712895	-0.26
298	298	bm3cz4QEpco	대박이야.안녕하세요 반갑습니다.다시 한번 더 보고 싶은데 너무 좋아요 좋아요 좋아요..다 좋은데 대박이야.ㅡ이.승기.씨.	['대박', '이야', '안녕하세요', '반갑습니다', '다시', '한번', '더', '보고', '싶은데', '너무', '좋아요', '좋아요', '좋아요', '다', '좋은데', '대박', '이야', '이승기', '씨']	1.5086385367794255	0.66
299	299	bm3cz4QEpco	따뜻하고..가족과 함께..예쁜 영상 궁합 작은 아들과 같이 정말 재미있게..잘보았어요~~보고 또보고 싶은 영화네요..서도윤 이승기(님) 화이팅~궁합 화이팅 입니다~~	['따뜻하고', '가족', '과', '함께', '예쁜', '영상', '궁합', '작은', '아들', '과', '같이', '정말', '재미있게잘', '보았어요', '보고', '또', '보고', '싶은', '영화', '네', '요', '서', '도윤', '이승기', '님', '화이팅', '궁합', '화이팅', '입니다']	5.38226556792124	2.19
300	300	bm3cz4QEpco	이승기 멋져요 ♡	['이승기', '멋져요']	0.6899701668910818	0.53
301	301	bm3cz4QEpco	감사합니다 앞으로 잘 부탁드립니다.좋아 좋아.열심히 하겠습니다.대박 대박 나세요.이.승.기.씨.	['감사합니다', '앞', '으로', '잘', '부탁드립니다', '좋아', '좋아', '열심히', '하겠습니다', '대박', '대박', '나세요', '이승기', '씨']	5.7590124566126	2.68
302	302	bm3cz4QEpco	이승기 멋지다 궁합대박	['이승기', '멋지다', '궁합', '대박']	2.246925533593953	1.4
