,영화 제목,검색 키워드,영상 id,영상 제목,생성된 날짜
0,타짜: 원 아이드 잭,타짜: 원 아이드 잭 영화,LtHuvUiqAls,역대 최악의 타짜 영화. 올 추석 대표 졸작 - 타짜: 원 아이드 잭 리뷰,2019-09-14T11:00:05Z
1,타짜: 원 아이드 잭,타짜: 원 아이드 잭 영화,uvVuRziAPm8,타짜1을 기억하는 사람들에게 타짜3가 졸작인 이유,2019-09-20T08:47:15Z
2,타짜: 원 아이드 잭,타짜: 원 아이드 잭 명장면,8zb3n5Hu5pY,"타짜1,2 명장면 모음 + 타짜3 하이라이트 (자체편집)",2019-09-13T07:00:21Z
3,타짜: 원 아이드 잭,타짜: 원 아이드 잭 리뷰,mueFS0qccLo,타짜: 원 아이드 잭 가이드 리뷰,2019-09-13T09:00:07Z
4,타짜: 원 아이드 잭,타짜: 원 아이드 잭 리뷰,XrUTaZKfgoU,"최악의 도박영화, 타짜: 원 아이드 잭의 문제는 캐릭터다!",2019-09-17T06:38:09Z
5,타짜: 원 아이드 잭,타짜: 원 아이드 잭 해석,yWKlbOVyO-o,타짜 3 : 원 아이드 잭 _ 🍺영화 리뷰,2019-09-11T10:15:12Z
6,타짜: 원 아이드 잭,타짜: 원 아이드 잭 해석,ldWsoPoTnTk,타짜 : 원 아이드 잭 (2019),2019-09-26T22:13:02Z
7,타짜: 원 아이드 잭,타짜: 원 아이드 잭 의미,8wjw3I1pj0Y,광수의 모든 것을 걸은 영화 타짜 원 아이드 잭,2019-09-16T00:47:04Z
8,타짜: 원 아이드 잭,타짜: 원 아이드 잭 의미,ffV6Ra-UvDY,영화 [타짜 : 원 아이드 잭] 리뷰,2019-09-11T12:30:14Z
9,신의 한 수: 귀수편,신의 한 수: 귀수편 영화,Z2CJiRnzpFE,신의 한 수: 귀수편 (The Divine Move 2: The Wrathful) 감상문,2019-11-10T09:38:57Z
10,신의 한 수: 귀수편,신의 한 수: 귀수편 영화,vx6mMJm9an4,영화 [신의 한 수 :  귀수편] 리뷰 (스포일러 포함),2019-11-07T08:45:00Z
11,신의 한 수: 귀수편,신의 한 수: 귀수편 명장면,zXHNta84sb0,신의한수 : 정우성 vs 살수,2019-11-14T11:40:47Z
12,신의 한 수: 귀수편,신의 한 수: 귀수편 명장면,pP3H5xyQclQ,신의한수 : 정우성 VS 아다리,2019-11-10T00:10:04Z
13,신의 한 수: 귀수편,신의 한 수: 귀수편 리뷰,-2q6ggCxJUE,[신의 한 수: 귀수편] 리뷰 스팟,2019-11-11T06:43:53Z
14,신의 한 수: 귀수편,신의 한 수: 귀수편 리뷰,kGuwmVDzmBQ,아니 이럴거면 바둑은 빼고 그냥 액션영화를 만드세요 - 신의 한 수: 귀수편,2019-11-17T13:00:12Z
15,신의 한 수: 귀수편,신의 한 수: 귀수편 해석,XvQz8W4l67Q,신의 한 수 : 귀수편 _ 🍺영화 리뷰,2019-11-12T08:00:09Z
16,신의 한 수: 귀수편,신의 한 수: 귀수편 해석,VKHUaerXhx0,귀신이 곡할 노릇 -  영화 신의 한 수: 귀수편 리뷰,2019-11-13T13:00:10Z
17,신의 한 수: 귀수편,신의 한 수: 귀수편 의미,5lYXf6XB-W0,신의 한 수: 귀수편 가이드 리뷰,2019-11-11T09:00:00Z
18,신의 한 수: 귀수편,신의 한 수: 귀수편 의미,RzG9juRdW3A,액션 영화로서 이만하면 잘 한 거지 - 신의 한 수 : 귀수편,2019-11-12T00:00:02Z
19,알리타: 배틀 엔젤,알리타: 배틀 엔젤 영화,hsnYsYpV6aE,인터뷰하면서 1++한우 8인분 순삭해버린 알리타 배우 + 감독?! (너무 좋아함ㅋㅋㅋ),2019-02-06T12:37:24Z
20,알리타: 배틀 엔젤,알리타: 배틀 엔젤 영화,hjl-9S50VrE,"알리타, 이 영화 수위의 상태가..? (잔인쓰..)",2019-02-06T00:25:57Z
21,알리타: 배틀 엔젤,알리타: 배틀 엔젤 명장면,ipgliv28s5U,[알리타: 배틀 엔젤] &#39;모터볼&#39; 비하인드 영상,2019-02-14T05:29:32Z
22,알리타: 배틀 엔젤,알리타: 배틀 엔젤 명장면,TWrXaroGf_A,알리타 원작 - 총몽 더빙판,2019-02-18T08:33:02Z
23,알리타: 배틀 엔젤,알리타: 배틀 엔젤 리뷰,dn3rCbIhuR0,"300년만에 눈을 뜬 최강의 전투 생명체, 알리타 배틀엔젤 리뷰, 후속편",2019-02-16T01:01:48Z
24,알리타: 배틀 엔젤,알리타: 배틀 엔젤 리뷰,W2rhWucjEOQ,"믿을 수 없는 기술력, 믿고 싶지 않은 스토리 - 알리타: 배틀 엔젤 리뷰",2019-02-10T01:15:00Z
25,알리타: 배틀 엔젤,알리타: 배틀 엔젤 해석,bG1OYAqncDs,두아 리파 (Dua Lipa) - Swan Song (From &quot;알리타: 배틀 엔젤&quot;) 가사번역 by 영화번역가 황석희,2019-02-08T09:13:15Z
26,알리타: 배틀 엔젤,알리타: 배틀 엔젤 해석,nDdBIkLcRK0,알리타: 배틀엔젤 엔딩크레딧 OST (Alita: Battle Angel Ending Credit OST),2019-02-24T12:08:51Z
27,내안의 그놈,내안의 그놈 영화,d1IOUSqKSQ8,한물 간 인터넷 소설 흉내내는 웹 드라마 수준의 졸작: 내 안의 그놈 리뷰,2019-01-16T09:00:05Z
28,내안의 그놈,내안의 그놈 영화,wb8vMdOAoBo,B1A4&#39;s Jinyoung 진영 stars &quot;The Dude In Me&quot; 내안의 그놈 (2019) Movie Trailer Full Set,2019-01-14T06:45:25Z
29,내안의 그놈,내안의 그놈 리뷰,AvtkjE7SGRg,내안의 그놈,2019-01-31T12:47:55Z
30,내안의 그놈,내안의 그놈 리뷰,ZEoJ6OKvpnM,[가까워진걸🦕] TALK-&#39;내안의 그놈&#39; 옆에 옆에 놈이 말하는 촬영 비하인드 스토리!,2019-01-10T11:52:34Z
31,내안의 그놈,내안의 그놈 의미,oXBP_NbgQiw,"&#39;내안의 그놈&#39;, 150만명 웃겼다...올해 첫 韓영화 손익분기점 돌파",2019-02-04T18:38:58Z
32,뺑반,뺑반 영화,Jgr7VVPVD80,예사롭지 않은 패기에 압도되는 영화: 뺑반 리뷰,2019-02-05T05:00:00Z
33,뺑반,뺑반 영화,xRu-HvNM9b4,몸을 날리는 류준열의 액션 [뺑반],2019-02-21T04:52:19Z
34,뺑반,뺑반 명장면,Ivd1MeEqXcU,“브레이크 없는 긴장감”… 영화 ‘뺑반’ 관람 포인트 셋,2019-02-07T05:38:09Z
35,뺑반,뺑반 리뷰,-yhdiQbp93g,영화 뺑반 2부 예고? 김고은의 깜짝 등장!,2019-02-27T22:25:52Z
36,뺑반,뺑반 리뷰,hs-4hmWAGkg,"호화로운 캐스팅과 자동차가 아까운 영화 [영화 보고 알려줌] &#39;뺑반&#39; (Hit-and-Run Squad, 2018)",2019-02-01T09:49:37Z
37,변신,변신 영화,hm46L6stqQQ,올 여름 최저의 졸작 공포영화. 개연성 따위 필요 없어: 변신 리뷰 (무서운 장면 적음),2019-08-29T12:30:05Z
38,변신,변신 영화,lJpVrk_iaUY,[광고] 조이현과 김혜준의 삼천포 인터뷰 | 변신 | 알아서 인터뷰 | 김혜준 | 조이현 | 딩고무비,2019-09-03T11:00:09Z
39,변신,변신 리뷰,d_qiILZbOAc,[SONOKONG 손오공] 가온과 토리의 엑스가리온 토이 리뷰 : 변신기&amp;무기편 l X-GARION TOY review,2019-09-19T01:57:01Z
40,변신,변신 리뷰,_HFPeG7Fzsk,[쿠키런] 변신점수가 어마어마한 괴도맛 쿠키!! 완벽리뷰 / CROB Roguefort Cookie Review,2019-09-11T06:06:01Z
41,변신,변신 해석,hwAWiNFVxIw,참신한 아이디어 망쳐버린 이 영화의 결정적 실수 (변신 스포 리뷰 / 재업로드),2019-08-25T11:57:36Z
42,변신,변신 해석,jwv7VZXmKtc,변신 후기+해석,2019-08-25T05:19:03Z
43,주먹왕 랄프 2: 인터넷 속으로,주먹왕 랄프 2: 인터넷 속으로 영화,2u1k9Jkw0Rk,디즈니 공주들이 드레스 벗고 츄리닝 입은 진정한 이유?!,2019-01-09T07:42:46Z
44,주먹왕 랄프 2: 인터넷 속으로,주먹왕 랄프 2: 인터넷 속으로 영화,IK76A5GD1Dk,"겨울왕국2 엘사, 안나 신상털기 | 디즈니 공주 14인방 총정리",2019-01-05T15:34:22Z
45,주먹왕 랄프 2: 인터넷 속으로,주먹왕 랄프 2: 인터넷 속으로 명장면,sCYvptJQokg,주먹왕랄프 카트를 고쳐온 랄프,2019-01-07T05:18:42Z
46,주먹왕 랄프 2: 인터넷 속으로,주먹왕 랄프 2: 인터넷 속으로 명장면,0uwumnR9m5Y,주먹왕 랄프 2 : 인터넷 속으로 _ 🍺영화 리뷰,2019-01-03T08:39:15Z
47,주먹왕 랄프 2: 인터넷 속으로,주먹왕 랄프 2: 인터넷 속으로 리뷰,PPM3fnvVNA8,"프린세스 유니버스를 꿈꾸는 디즈니 빅픽처, 주먹왕 랄프2 리뷰",2019-01-06T01:02:53Z
48,주먹왕 랄프 2: 인터넷 속으로,주먹왕 랄프 2: 인터넷 속으로 리뷰,yhrl6clB1Es,"집착왕 랄프의 인터넷 모험, 왜 이렇게 변했지? - 주먹왕 랄프2: 인터넷 속으로 리뷰",2019-01-11T12:45:00Z
49,주먹왕 랄프 2: 인터넷 속으로,주먹왕 랄프 2: 인터넷 속으로 해석,vqDHfPh2v3g,[스포없는리뷰] 주먹왕 랄프 2: 인터넷 속으로 - 디즈니가 진화했습니다,2019-01-06T02:30:19Z
50,주먹왕 랄프 2: 인터넷 속으로,주먹왕 랄프 2: 인터넷 속으로 해석,ATL7_ZRG_rY,"Julia Michael - In This Place - 주먹왕 랄프2 OST [한글/번역/가사, ENG-KOR Sub Lyric video]",2019-01-29T14:23:06Z
51,걸캅스,걸캅스 영화,b2yrc-9HqWs,일망타진! 이 정도는 되어야 걸복동이지!: 걸캅스 리뷰,2019-05-11T05:00:05Z
52,걸캅스,걸캅스 영화,SBAWNcwn9-g,걸복동이라 불릴만 했다 (걸캅스 네티즌 예상 얼마나 맞았을까?),2019-05-09T08:32:22Z
53,걸캅스,걸캅스 리뷰,KeC7YfVEfUs,🔫 걸캅스에 대한 메피셜 트레일러 | 메탈킴,2019-05-10T07:58:44Z
54,걸캅스,걸캅스 리뷰,BRe8CKIt4o4,걸캅스 네이버 평점 주작썰. 할거면 좀 안들키게 해라.,2019-05-09T13:23:25Z
55,걸캅스,걸캅스 의미,-JTa7TbNBG4,의미만 있으면 뭐해요? - 걸캅스 보자마자 솔직 리뷰 with 장광남,2019-05-14T19:27:44Z
56,걸캅스,걸캅스 의미,R577VtKjuVg,[쉬운영화이야기] 영화 &#39;걸캅스&#39; - 이것은 여성 영화가 아니다,2019-05-14T12:30:03Z
57,사자,사자 영화,jgLvpcMvfvA,엉터리 오컬트와 우스운 액션의 엉망진창 이종격투기 한 판: 사자 리뷰,2019-08-07T02:30:02Z
58,사자,사자 영화,PX0QtoDj6yg,[티비냥] 박서준 영화 &#39;사자&#39;에 최우식이 나오는 이유! &#39;기생충(Parasite)&#39;에 박서준이 나온 이유! 예상치못한 꿀조합 ㅋㅋ| #명단공개 170227 #05,2019-08-06T02:00:00Z
59,사자,사자 명장면,qcYlSrQpsGo,"오늘부터 신령님 13화  &quot;사자의 계약을...&quot; 명장면 한국어 더빙 키스신❤️ Dubbing by 미소년덕후, 라디｜【팀 부대찌개】",2019-08-11T11:58:19Z
60,사자,사자 리뷰,_OoBr7H-IOY,사자 가이드 리뷰 by 발없는새,2019-08-04T09:15:12Z
61,사자,사자 리뷰,kExJm5qPvsc,이 영화는 절대 콘스탄틴이 될 수 없어요! - 사자,2019-08-04T00:00:06Z
62,사자,사자 해석,PaLsiDqTMds,숫자 &#39;666&#39;의 소름돋는 비밀ㅣ사자 속 떡밥 총정리ㅣ영화 사자ㅣ박서준 우도환 안성기,2019-08-02T10:00:04Z
63,사자,사자 해석,BYmvCBZuwy8,직장인이 사자성어를 해석한다면? l 직장내일 레전드,2019-08-14T09:31:58Z
64,사자,사자 의미,PqTYFaO4KWc,타로카드 독학 9. 메이저 [8]. [STRENGTH]. 힘.  사자를 복종시키는 힘은 무엇일까?,2019-08-15T03:19:56Z
65,아쿠아맨,아쿠아맨 영화,ESEkRaaZQtc,추위 피하는 꿀팁ㅋㅋㅋ(feat.아쿠아맨),2019-01-09T01:27:42Z
66,아쿠아맨,아쿠아맨 영화,sJ5uOcWlGV0,개망작인줄 알았는데 개꿀잼이라서 깜짝 놀란 영화 아쿠아맨,2018-12-22T02:00:02Z
67,아쿠아맨,아쿠아맨 명장면,Ss0bpWc0X-o,아쿠아맨 메라의 커밍아웃!? 배우 앰버허드 총정리,2018-12-29T02:28:45Z
68,아쿠아맨,아쿠아맨 명장면,-0HH-DH9YA0,[아쿠아맨 엔딩곡] Skylar Grey - Everything I Need (한글 자막/클립),2018-12-29T14:09:04Z
69,아쿠아맨,아쿠아맨 리뷰,EtcmBKIC_cY,아쿠아맨은 실제로 물에서 촬영했을까? CG 분석,2019-01-11T09:45:01Z
70,아쿠아맨,아쿠아맨 리뷰,iWqYvLO457Y,비주얼 끝판왕 아쿠아맨(+쿠키 영상 해석),2018-12-22T01:00:04Z
71,아쿠아맨,아쿠아맨 해석,JYxKbQLA1Ow,"비주얼은 명품, 스토리는 저질 아쿠아맨 리뷰[튜나]",2019-01-06T05:23:23Z
72,아쿠아맨,아쿠아맨 해석,bdAyZnVJ718,Skylar Grey &quot;Everything I Need&quot; 아쿠아맨 엔딩곡 가사/해석/번역,2018-12-28T07:15:22Z
73,드래곤 길들이기 3,드래곤 길들이기 3 영화,VXhy4LEDslY,"드래곤 길들이기3 피규어 장난감 리뷰하기. 라이트 퓨어리, 훅팽, 스톰플라이, 미트러그 반가워. [히히튜브]",2019-02-18T12:00:05Z
74,드래곤 길들이기 3,드래곤 길들이기 3 영화,2kcorTuPCNg,[드래곤 길들이기1] 투슬리스의 귀여운 행동 모음,2019-02-05T14:00:04Z
75,드래곤 길들이기 3,드래곤 길들이기 3 명장면,2GGHyLq0GPE,[드래곤 길들이기2] 투슬리스의 귀여운 행동 모음2,2019-02-11T07:31:49Z
76,드래곤 길들이기 3,드래곤 길들이기 3 명장면,HX_uzEASGj8,"드래곤길들이기3 리뷰, 자유는 그냥 주어지는게 아니다!",2019-02-05T07:36:32Z
77,드래곤 길들이기 3,드래곤 길들이기 3 리뷰,FRL9jEhXrrA,[드래곤 길들이기 3] 새해 인사 영상,2019-02-08T05:52:07Z
78,드래곤 길들이기 3,드래곤 길들이기 3 리뷰,FK_eB4Uvd6E,드래곤 길들이기3 투슬리스 피규어 장난감이랑 놀아보자. how to train your dragon 3 toothless figure review. [히히튜브],2019-02-11T12:00:02Z
79,드래곤 길들이기 3,드래곤 길들이기 3 해석,4QPV1xNkYBQ,Together from Afar - Jónsi (드래곤 길들이기 3 OST) 가사/한국어자막,2019-02-06T21:30:00Z
80,드래곤 길들이기 3,드래곤 길들이기 3 해석,VXYnIrULkwY,Learning To Fly - Hills x Hills (드래곤 길들이기3 예고편 삽입곡) 가사/한국어자막,2019-02-06T14:21:35Z
81,나의 특별한 형제,나의 특별한 형제 영화,cECIiTMUylI,특별한 소재로 만든 특별하지 못한 이야기: 나의 특별한 형제 리뷰,2019-05-04T11:00:06Z
82,나의 특별한 형제,나의 특별한 형제 영화,zymNZtYRNZs,[나의 특별한 형제] 리뷰 30초 예고편(절찬상영중),2019-05-07T07:30:02Z
83,나의 특별한 형제,나의 특별한 형제 리뷰,J5mrCvqhBI0,[나의 특별한 형제] 톡톡 관객 리뷰 영상,2019-05-02T11:26:07Z
84,나의 특별한 형제,나의 특별한 형제 리뷰,3ER_4nagUEg,[나의 특별한 형제 리뷰] 이 영화가 사람을 울리는 진짜 이유 (이광수는 배우였다),2019-05-04T09:50:51Z
85,나의 특별한 형제,나의 특별한 형제 해석,6Jy9LixpdyA,장애인끼리만 살아가는 것은 어려운 일일까? / 영화 [나의 특별한 형제] 스포일러 리뷰,2019-05-06T09:00:00Z
86,나의 특별한 형제,나의 특별한 형제 의미,nKiEgvV46R0,배우 이광수의 재발견 / 가족에 대한 의미를 다시 생각해보게 하는 영화 / 나의 특별한 형제 리뷰,2019-05-14T12:55:15Z
87,어스,어스 영화,-nJrqlGNP44,"토끼와 가위, 그리고 도플갱어의 의미 : 영화 &#39;어스&#39; 해석과 스포일러리뷰",2019-03-29T13:56:02Z
88,어스,어스 영화,URp40rq3sBo,"마주잡은 손, 같은 색의 옷, 위선을 폭로하는 무언의 항의: 어스  리뷰",2019-03-31T11:30:00Z
89,어스,어스 명장면,5OXUnIJS1CU,요즘 핫한 어스 명장면 소름주의 ㄷㄷ,2019-04-03T09:02:13Z
90,어스,어스 리뷰,R9SimDXvZRc,비싸다고 좋을까? 고가 수제 슬라임 VS 저가 문방구 슬라임 대결!  | Y리뷰어스 | 승헌쓰&amp;주랄라 | Slime blind test,2019-04-01T08:00:03Z
91,어스,어스 리뷰,pGivBSKhorQ,[어스] 미친 리뷰 영상,2019-03-27T01:12:04Z
92,어스,어스 해석,5zlLVSMg_V0,영화 어스의 숨겨진 의미 11가지 해석,2019-03-30T12:47:16Z
93,어스,어스 해석,fL1OrM5dXFw,도플갱어의 진짜 의미는? 영화 어스의 7가지 상징 해석,2019-04-02T07:00:02Z
94,어스,어스 의미,qKzmek1EP5I,"겟아웃 감독 신작 어스, 해석할 의미가 과연..?",2019-03-31T08:23:34Z
95,어스,어스 의미,FImfEZehDmI,미국인이 본 진짜 영화 &#39;어스(US)&#39; 완벽 해설,2019-04-08T20:47:07Z
96,말레피센트 2,말레피센트 2 영화,YPIKdqgaRLc,[Eng CC] Maleficent 2 Makeup Transformation 말레피센트 커버메이크업 l 이사배(RISABAE Makeup),2019-11-02T10:00:05Z
97,말레피센트 2,말레피센트 2 영화,eSRd3ndMaRE,5년을 기다렸는데 10년을 뒤로 가버린 말레피센트와 오로라: 말레피센트 2 리뷰,2019-11-05T10:00:05Z
98,말레피센트 2,말레피센트 2 명장면,lLsmmxeCfNM,말레피센트1 하이라이트 영상 Maleficent1 Movie Scenes [TMI채널],2019-10-17T13:27:23Z
99,말레피센트 2,말레피센트 2 명장면,zDZpNalfBNA,말레피센트2 예고편+하이라이트 영상 MaleFicent: Mistress of Evil Movie Scenes [TMI채널],2019-10-17T13:27:27Z
100,말레피센트 2,말레피센트 2 리뷰,uO0SFMYKWHI,말레피센트 2 가이드 리뷰,2019-10-19T09:00:09Z
101,말레피센트 2,말레피센트 2 리뷰,759_vmH_Z1Y,"인간을 사랑했던 마녀 ㅣ말레피센트ㅣ(영화리뷰,결말포함)",2019-10-20T10:47:00Z
102,말레피센트 2,말레피센트 2 해석,0CtuYaXzuRI,[시네트워크] 리드무비x지무비! 원작을 재해석한 영화들! (feat. 말레피센트2),2019-10-23T09:00:01Z
103,말레피센트 2,말레피센트 2 해석,-PEA3Hjntvw,말레피센트 2 _ 🍺영화 리뷰,2019-10-18T02:45:00Z
104,말레피센트 2,말레피센트 2 의미,-Btc9IJC-cQ,말레피센트1 줄거리요약(결말포함) 5분안짝 5분뚝딱 디즈니 영화리뷰,2019-10-24T13:28:27Z
105,유열의 음악앨범,유열의 음악앨범 영화,-29RHcPsZO8,"[ENG] 정해인, 김고은 무너뜨린 박지선의 드립력 : Jung Hae In, Kim Go Eun : laugh-out-loud : 영화 &#39;유열의 음악앨범&#39; 라이브챗 GV",2019-08-30T08:40:51Z
106,유열의 음악앨범,유열의 음악앨범 영화,QtZaxX1I5DM,"[ENG] 웃겨서 고통받는 김고은, 정해인 : 개그로 진 박지선 : Jung HaeIn, Kim GoEun : painful and funny : 유열의 음악앨범 라이브챗 GV",2019-08-30T15:13:54Z
107,유열의 음악앨범,유열의 음악앨범 명장면,c89ZF3ez0to,이 영화의 결말이 진짜 아쉬운 이유 (유열의 음악앨범 스포 리뷰),2019-08-29T10:19:24Z
108,유열의 음악앨범,유열의 음악앨범 명장면,jIkJyU4z0pU,&#39;레트로 감성&#39; 물씬...또 하나의 첫사랑 영화 &#39;유열의 음악앨범&#39; [영화보여주는 누나],2019-08-30T03:45:00Z
109,유열의 음악앨범,유열의 음악앨범 리뷰,FD7CKyPB7fM,매력적인 배우들이 엉성한 각본을 만나 만든 후진 멜로 영화: 유열의 음악앨범,2019-09-01T09:00:02Z
110,유열의 음악앨범,유열의 음악앨범 리뷰,mL8kyHyUE5o,첫만남에서 키스하기까지 3년이 걸린 커플,2019-08-31T08:00:14Z
111,유열의 음악앨범,유열의 음악앨범 해석,9A8sCBFTaa0,유열의 음악앨범 _ 🍺영화 리뷰,2019-08-29T09:18:36Z
112,유열의 음악앨범,유열의 음악앨범 해석,KShE07rZL8g,유열의 음악앨범은 이런 영화! 리뷰와 해석,2019-09-01T09:43:05Z
113,유열의 음악앨범,유열의 음악앨범 의미,zaFqe6dggvw,영화 [유열의 음악앨범] 리뷰,2019-08-28T07:01:36Z
114,유열의 음악앨범,유열의 음악앨범 의미,0KzexoQfAhY,"유열의 음악앨범, 1990년대의 사랑이 지금 의미를 갖는 이유",2019-08-31T03:33:16Z
115,퍼펙트맨,퍼펙트맨 영화,0MkDo97r5BQ,외국 영화 따라가다 퍼펙트하게 망가진 영화: 퍼펙트 맨 리뷰,2019-10-27T10:30:00Z
116,퍼펙트맨,퍼펙트맨 영화,fdgmAcPCnPY,이딴 더럽고 추악하고 저질스런 영화를 보고 웃으라고?(욕설주의) - 퍼펙트맨,2019-10-20T00:00:03Z
117,퍼펙트맨,퍼펙트맨 명장면,P7C3EEJ9ufU,[ 설경구 ] 191008 퍼펙트맨 라이브챗 / 명장면 60초 동안 그리기,2019-10-09T11:22:08Z
118,퍼펙트맨,퍼펙트맨 리뷰,uSaup78YkSc,영화 [퍼펙트맨] 리뷰,2019-10-04T08:47:16Z
119,퍼펙트맨,퍼펙트맨 리뷰,oWYM9z5rhHc,주윤발을 기억하는 사람들을 위한 영화 [퍼펙트맨] 리뷰,2019-10-29T14:08:40Z
120,퍼펙트맨,퍼펙트맨 의미,Sh7eNcEaRKU,감옥에 갈까? 안갈까? 집행유예의 법적 의미는?_퍼펙트맨,2019-10-28T05:21:58Z
121,포드 V 페라리,포드 V 페라리 영화,E4TChGiVrI8,"두 남자의 인생이, 승부가, 자동차가 심장을 터뜨릴 것 같은 작품: 포드 V 페라리 리뷰",2019-12-15T04:00:13Z
122,포드 V 페라리,포드 V 페라리 영화,AP41jgh8maU,포드 V 페라리 가이드 리뷰,2019-12-08T09:00:00Z
123,포드 V 페라리,포드 V 페라리 명장면,k2VQ04JBP3o,포드V페라리 - 갑자기 &quot;안녕하세요&quot; ??? 캐롤 쉘비는 왜 한국어 인사를 했을까??,2019-12-14T09:27:50Z
124,포드 V 페라리,포드 V 페라리 명장면,hL_4ENOOaSM,포드v페라리 뒷이야기 곧바로 르망의 패배를 설욕한 페라리,2019-12-19T03:45:02Z
125,포드 V 페라리,포드 V 페라리 리뷰,iMge7E8TfCI,[Live] 포드V페라리 영화관람 후기♥,2019-12-18T15:57:45Z
126,포드 V 페라리,포드 V 페라리 리뷰,-p2eRFNR7dc,[포드 V 페라리] 스포 리뷰! 15분안에 다시보기! 배경 해석 인물 비하인드 스토리 정리!,2019-12-07T11:39:15Z
127,포드 V 페라리,포드 V 페라리 해석,9ZREOehpqEI,포드 V 페라리 _ 🍺영화 리뷰,2019-12-05T07:00:00Z
128,생일,생일 영화,102EjduuIuQ,세월조차 치유하지 못하는 아픔을 조심스레 끌어안는 방법: 생일 리뷰,2019-04-09T08:00:00Z
129,생일,생일 영화,5gnVeWG1tEY,"다 까는 후기: 생일(스포x) - 쏟아지는 눈물을 주체할 수 없는, 감정적으로 힘든 영화",2019-04-05T03:08:09Z
130,생일,생일 명장면,FuQLK_Vvvf0,전도연x설경구 뜨거운 눈물… 관객이 뽑은 ‘생일’ 명장면3,2019-04-19T10:45:09Z
131,생일,생일 리뷰,DuBT-rvMZO4,[발디의 1주년 생일파티] 발디선생님이 파티를 열었어요!!! 그래서 갔는데 또 공부하래요!!!! 간단 리뷰 &amp; 플레이 영상,2019-04-07T00:15:01Z
132,생일,생일 리뷰,BmVwNssAReA,SUB) 욕망리뷰 : 인생을 돌아보게 되는 생일선물 언박싱ㅣ박지윤의 욕망티비,2019-04-29T15:07:50Z
133,생일,생일 의미,dPtkejQkbW4,음이의 11번째 생일! 과연 친구들에게 어떤 선물을 받았을까? 키즈카페에서 친구들과 생일파티하기! (생일VLOG) │헬로음이유니,2019-04-05T06:00:02Z
134,생일,생일 의미,6swoowTKMpg,그녀는 80세 생일에 특별한 의미의 타투를 새겼다,2019-04-03T09:00:00Z
135,"힘을 내요, 미스터 리","힘을 내요, 미스터 리 영화",PfSkdz7Ara0,"추석 삼파전 다 까버리는 후기! 나쁜 녀석들, 타짜3, 힘을내요 미스터리 총정리편!",2019-09-12T09:52:35Z
136,"힘을 내요, 미스터 리","힘을 내요, 미스터 리 영화",LnAs2W7tI3k,"[속보] 추석 연휴, CGV 흥행주의보 발령!! 씨네캐스터가 추석 라인업 한 방에 싹 정리해드립니다 :) [무비TMI]",2019-09-11T03:05:33Z
137,"힘을 내요, 미스터 리","힘을 내요, 미스터 리 리뷰",UozsJFAWRaE,"힘을내요 망작영화제까지 - 힘을 내요, 미스터리",2019-09-23T00:00:01Z
138,"힘을 내요, 미스터 리","힘을 내요, 미스터 리 리뷰",9RNFF2hHrbc,"영화 [힘을 내요, 미스터 리] 리뷰",2019-09-11T12:00:13Z
139,항거:유관순 이야기,항거:유관순 이야기 영화,Qj3Ei6pEbik,영화 &#39;항거&#39;의 주인공 고아성과 출연진 함께한 &#39;아리랑&#39;,2019-03-01T06:23:05Z
140,항거:유관순 이야기,항거:유관순 이야기 영화,ZnkOz4Lbjjo,영화 &#39;항거&#39; 관람한 이낙연 총리가 일어나지 못한 이유는? 유관순 열사 유가족과 함께 영화 관람 후 남긴 말,2019-03-04T08:24:58Z
141,항거:유관순 이야기,항거:유관순 이야기 리뷰,V7plADhct1I,&#39;항거: 유관순이야기&#39; 전설이 되어버린 17살 소녀이야기,2019-03-04T08:01:49Z
142,항거:유관순 이야기,항거:유관순 이야기 리뷰,K12OP-XPrsk,항거: 유관순 이야기 가이드 리뷰 by 발없는새,2019-03-03T11:00:02Z
143,항거:유관순 이야기,항거:유관순 이야기 해석,Jj5CG8DlBy4,"3.1 운동 100주년에, 유관순에 바치기엔 초라한 영화 - 항거: 유관순 이야기 리뷰",2019-03-12T11:30:01Z
144,항거:유관순 이야기,항거:유관순 이야기 해석,-EpGRnwWGB4,"삼일절 백주년, 이 영화 보셨어요?  항거:유관순 이야기 리뷰",2019-03-01T07:53:10Z
145,항거:유관순 이야기,항거:유관순 이야기 의미,7rzb09vrIBI,"3.1 운동 100주년에 만나는 뜻 깊은 영화 [항거: 유관순 이야기]의 배우 고아성, 김예은, 정하담 인터뷰!",2019-03-28T02:33:13Z
146,항거:유관순 이야기,항거:유관순 이야기 의미,73iJ4xoey9Q,3.1운동 100주년...&#39;항거: 유관순 이야기&#39; / YTN,2019-03-04T11:35:18Z
147,장사리 : 잊혀진 영웅들,장사리 : 잊혀진 영웅들 영화,N5ROznv7zmE,[장사리 : 잊혀진 영웅들] 학도병 비하인드 영상,2019-09-26T10:38:05Z
148,장사리 : 잊혀진 영웅들,장사리 : 잊혀진 영웅들 영화,LvGIcR7GJtQ,"결코 잊어서는 안 될 전쟁, 얼른 잊어버리고 싶은 영화: 장사리 잊혀진 영웅들 리뷰",2019-10-11T14:18:23Z
149,장사리 : 잊혀진 영웅들,장사리 : 잊혀진 영웅들 명장면,wyIutIZc9AQ,"장사리 : 잊혀진 영웅들 (Battle of Jangsari, 2019)",2019-10-01T09:48:34Z
150,장사리 : 잊혀진 영웅들,장사리 : 잊혀진 영웅들 명장면,aZ1PcxpvNHo,[문화광장] ‘장사리:잊혀진 영웅들’ 내달 4일 북미 개봉 / KBS뉴스(News),2019-09-26T22:31:24Z
151,장사리 : 잊혀진 영웅들,장사리 : 잊혀진 영웅들 리뷰,x6Bt9akrq1Y,어차피 그 영화가 그 영화니까요! - 장사리 : 잊혀진 영웅들,2019-10-05T00:00:06Z
152,장사리 : 잊혀진 영웅들,장사리 : 잊혀진 영웅들 리뷰,WuRTZCVJuLQ,영화 [장사리 : 잊혀진 영웅들] 리뷰,2019-09-28T07:09:46Z
153,마이펫의 이중생활 2,마이펫의 이중생활 2 영화,Gp1BczaKMQY,[띠부] 폴리머클레이로 스노우볼 피규어 만들기 (마이펫 이중생활) Polymer Clay SNOWBALL,2019-08-15T21:30:02Z
154,마이펫의 이중생활 2,마이펫의 이중생활 2 영화,zGcHwuwd6bA,"[2019] 신한카드 마이펫 에디션, 귀염찬 이중생활이 시작된다!",2019-07-31T08:08:29Z
155,마이펫의 이중생활 2,마이펫의 이중생활 2 리뷰,swa27pC3FZQ,[마이펫의 이중생활2] Incredible 리뷰 영상,2019-08-01T11:48:04Z
156,마이펫의 이중생활 2,마이펫의 이중생활 2 리뷰,TneekII6OKE,참을 수 없는 귀여움과 견디기 힘든 지루함의 콜라보: 마이펫의 이중생활2 리뷰,2019-08-22T11:30:00Z
157,마이펫의 이중생활 2,마이펫의 이중생활 2 해석,8iVcRBCXr78,마이펫의 이중생활 2 - 동물 정신병원에(?) 간 맥스 3/3,2019-07-31T12:00:02Z
158,마이펫의 이중생활 2,마이펫의 이중생활 2 해석,kAtrJiWmQ9I,집을 비우면 시작되는 펫들에게 어울리는 음악은? | 마이펫의 이중생활2 | 귀여운 브금 | THE SECRET LIFE OF PETS 2,2019-08-23T00:52:28Z
159,마이펫의 이중생활 2,마이펫의 이중생활 2 의미,FkkugjHRyFo,영화 [마이펫의 이중 생활 2] 리뷰,2019-08-03T03:00:00Z
160,롱 리브 더 킹: 목포 영웅,롱 리브 더 킹: 목포 영웅 영화,LMBa2HTZ2lg,"김동률(Kim Dong Ryul), &#39;사랑한다는 말(The words that I love you)&#39;, &#39;롱 리브 더 킹&#39;",2019-06-19T09:14:05Z
161,롱 리브 더 킹: 목포 영웅,롱 리브 더 킹: 목포 영웅 영화,udLZy9lV_Bk,[롱 리브 더 킹 : 목포영웅] 디렉터스 컷,2019-06-21T06:49:01Z
162,롱 리브 더 킹: 목포 영웅,롱 리브 더 킹: 목포 영웅 명장면,saJ4LeI8qCI,롱 리브 더 킹 목포 영웅_ 영화 미리보기 _ 무비몬스터,2019-06-23T03:00:02Z
163,롱 리브 더 킹: 목포 영웅,롱 리브 더 킹: 목포 영웅 명장면,0bWRECJXMpg,"맛깔 나는 연기의 향연! 영화 [롱 리브 더 킹 : 목포 영웅]의 배우 ‘김래원’, ‘원진아’, ‘진선규’ 인터뷰!",2019-06-27T06:00:02Z
164,롱 리브 더 킹: 목포 영웅,롱 리브 더 킹: 목포 영웅 리뷰,wgCEwWH1LVE,조직폭력배가 총선에 출마하는 시대착오적 망작: 롱 리브 더 킹 목포 영웅 리뷰,2019-06-22T08:00:08Z
165,롱 리브 더 킹: 목포 영웅,롱 리브 더 킹: 목포 영웅 리뷰,O2Xf6ishWeg,영화 만드는 사람들 제발 고민 좀 많이 했으면 - 롱 리브 더 킹 : 목포영웅,2019-06-25T00:00:00Z
166,롱 리브 더 킹: 목포 영웅,롱 리브 더 킹: 목포 영웅 해석,qZhtSAQf4Lo,롱 리브 더 킹 : 목포영웅 _ 🍺영화 리뷰,2019-06-19T08:38:27Z
167,롱 리브 더 킹: 목포 영웅,롱 리브 더 킹: 목포 영웅 해석,iS-Zch9kDfA,롱리브더킹: 목포 영웅 한글자막 화면해설 가치봄 예고편,2019-07-05T04:17:39Z
168,롱 리브 더 킹: 목포 영웅,롱 리브 더 킹: 목포 영웅 의미,5kKlUCykIyg,조폭의 정치 도전기...&#39;롱 리브 더 킹:목포 영웅&#39; / YTN,2019-06-23T23:42:57Z
169,롱 리브 더 킹: 목포 영웅,롱 리브 더 킹: 목포 영웅 의미,d6UW4JoGuKs,&#39;롱 리브 더 킹: 목포 영웅&#39; 외화 공세 속 100만 돌파 &quot;장기 흥행 가자&quot;,2019-07-04T22:13:28Z
170,쥬만지: 넥스트 레벨,쥬만지: 넥스트 레벨 영화,0f-YO7mEu5A,클쓰마쓰엔 놀이동산말고 [쥬만지: 넥스트 레벨],2019-12-12T06:31:21Z
171,쥬만지: 넥스트 레벨,쥬만지: 넥스트 레벨 영화,bWsNWtylaVc,&quot;쥬만지: 넥스트 레벨&quot; #IMAX 로 보면 게임 속 몰입감 대박일 듯ㄷㄷ,2019-12-20T05:08:13Z
172,쥬만지: 넥스트 레벨,쥬만지: 넥스트 레벨 리뷰,B3k2Dq7hVpQ,시대착오적인 모험물이 보여주는 처참한 발버둥 - 쥬만지: 넥스트 레벨 리뷰,2019-12-19T12:00:10Z
173,쥬만지: 넥스트 레벨,쥬만지: 넥스트 레벨 리뷰,-YoSNRwNA28,영화 [쥬만지 :  넥스트 레벨] 리뷰,2019-12-12T11:05:05Z
174,쥬만지: 넥스트 레벨,쥬만지: 넥스트 레벨 해석,vibeFvphf7Y,연기 칭찬에 대한 드웨인 존슨 반응 ㅋㅋㅋㅋ &quot;쥬만지: 넥스트 레벨&quot;,2019-12-14T08:00:24Z
175,쥬만지: 넥스트 레벨,쥬만지: 넥스트 레벨 해석,pJtw4pCdzP0,쥬만지 : 넥스트 레벨 _ 🍺영화 리뷰,2019-12-13T11:21:56Z
176,쥬만지: 넥스트 레벨,쥬만지: 넥스트 레벨 의미,OYNaKi758UI,쥬만지 : 넥스트 레벨 리뷰,2019-12-17T00:00:02Z
177,쥬만지: 넥스트 레벨,쥬만지: 넥스트 레벨 의미,QCLGjXex47c,쥬만지 넥스트레벨 후기 및 스포 쿠키영상까지?,2019-12-12T16:50:21Z
178,존 윅 3: 파라벨룸,존 윅 3: 파라벨룸 영화,f4i0OJTcdAc,액션 끝판왕 존 윅 3 솔직 감상 후기 리뷰 (최소한의 스포),2019-06-26T09:26:35Z
179,존 윅 3: 파라벨룸,존 윅 3: 파라벨룸 영화,geA-dioFJtU,존윅 3 본 사람만 들어와! 명장면 명대사 존윅 리얼 후기,2019-06-28T11:06:26Z
180,존 윅 3: 파라벨룸,존 윅 3: 파라벨룸 명장면,CDcwymmo5Xs,"전작들에 미치지 못한 존 윅 3, 와패니즘이 영화에 미치는 영향 - 존 윅 3: 파라벨룸 리뷰",2019-07-02T09:15:01Z
181,존 윅 3: 파라벨룸,존 윅 3: 파라벨룸 명장면,r6a579ID0dw,"존 윅 3: 파라벨룸, 비하인드 &amp; 사소한 사실 35가지",2019-06-27T05:47:28Z
182,존 윅 3: 파라벨룸,존 윅 3: 파라벨룸 리뷰,Mh6j_pIc6Nc,존윅 순정 VS 커스텀 전격 리뷰!! [HotToys],2019-06-26T09:00:02Z
183,존 윅 3: 파라벨룸,존 윅 3: 파라벨룸 해석,G9h0fqvleyc,&#39;존 윅 3: 파라벨룸&#39; 관람 전에 꼭 보세요! 시리즈의 세계관과 지난 이야기 간단 정리!,2019-06-26T02:45:42Z
184,존 윅 3: 파라벨룸,존 윅 3: 파라벨룸 해석,S7_h62C8Xts,존 윅 3 : 파라벨룸 _ 🍺영화 리뷰,2019-06-28T02:30:01Z
185,존 윅 3: 파라벨룸,존 윅 3: 파라벨룸 의미,1xjW06RnBy4,2019 액션 원탑! 존윅 3 파라벨룸 (스포일러 리뷰)_ john Wick3,2019-06-26T12:14:05Z
186,존 윅 3: 파라벨룸,존 윅 3: 파라벨룸 의미,kcAidj8BtdY,"존윅3: 파라벨룸, 액션만 보자면 별 5개 만점에 6개!",2019-06-30T05:25:34Z
187,남산의 부장들,남산의 부장들 영화,GnGdlLFq5Os,MB뿐만 아니라 김재규 전문가라는 주진우의 10.26 명품해설 ※팝콘필수※,2020-02-09T15:06:28Z
188,남산의 부장들,남산의 부장들 영화,fc_ioYd0lU8,영화 &#39;남산의 부장들&#39; vs PD수첩,2020-02-11T08:18:31Z
189,남산의 부장들,남산의 부장들 명장면,_52rxWm3fMY,[제5공화국 라이브로 몰아보기] 9~16부 - 12.12에서 5.18까지 | ‘남산의 부장들’ 보기 전에 예습하자,2020-01-26T15:30:31Z
190,남산의 부장들,남산의 부장들 명장면,qEJeQXrx6OU,[영화] 남산의 부장들 명장면 - 이 벌레야! 너 왜 여기서 사람 흉내내,2020-02-19T05:14:23Z
191,남산의 부장들,남산의 부장들 리뷰,MOToaMeA4TE,[남산의 부장들] 리뷰 30초 예고편,2020-01-29T09:37:45Z
192,남산의 부장들,남산의 부장들 리뷰,rAzhcnKarNU,&#39;남산의 부장들&#39; 실제 역사와 차이점 20가지 (*결말해석 역사리뷰 스포주의),2020-01-22T10:00:00Z
193,남산의 부장들,남산의 부장들 해석,et6PbkmWcBQ,"[영화] 남산의 부장들 X 그때 그사람들 리뷰 : 1979년 그날, 심층 분석! (with 라이너)",2020-01-27T08:12:48Z
194,남산의 부장들,남산의 부장들 해석,B-nVaSkIBIE,남산의 부장들 숨은 의미 해석,2020-01-22T12:59:40Z
195,남산의 부장들,남산의 부장들 의미,udzaqaFxX8E,"남산의 부장들 김재규, 차지철, 김형욱ㅣ박정희 시대의 2인자들ㅣ한홍구TV",2020-02-03T07:52:29Z
196,남산의 부장들,남산의 부장들 의미,CjQ9kgEwwtY,&#39;남산의 부장들&#39; 은 총선용 선동영화다?,2020-02-04T05:30:18Z
197,다만 악에서 구하소서,다만 악에서 구하소서 영화,cFvrKg04wQ4,다만 악에서 구하소서 이정재로 롤하깈ㅋㅋㅋㅋ(Feat.엑스레이),2020-08-16T03:00:08Z
198,다만 악에서 구하소서,다만 악에서 구하소서 영화,b95UEx0QP4A,이렇게까지 하셨어야 했습니다. 다만 악에서 구하소서 리뷰,2020-08-08T11:12:37Z
199,다만 악에서 구하소서,다만 악에서 구하소서 명장면,V1dZk3Pfexw,(ENG SUB)&#39;다만 악에서 구하소서&#39;  홍보하다가 갑작스런 황정민의 폭탄 발언! 이제 두 브라더의 우애는 끝!?,2020-08-06T09:00:06Z
200,다만 악에서 구하소서,다만 악에서 구하소서 명장면,6AQCL73UbD4,&quot;다만 롤 에서 구하소서&quot; -메인 예고편-Feat.다만 악에서 구하소서,2020-08-13T10:47:05Z
201,다만 악에서 구하소서,다만 악에서 구하소서 리뷰,s_yz5IjXepw,신파와 정치에 질린 자들을 위한 다만 악에서 구하소서 가이드 리뷰,2020-08-06T10:00:15Z
202,다만 악에서 구하소서,다만 악에서 구하소서 리뷰,dY5v0hjHgyQ,포장지만 그럴듯하게 꾸민 어쭙잖은 액션 영화: 다만 악에서 구하소서 리뷰,2020-08-13T09:00:12Z
203,다만 악에서 구하소서,다만 악에서 구하소서 해석,K9t8dEiadRo,아저씨를 추격하는 장첸이랄까.. 💬다만 악에서 구하소서 | 영화 리뷰,2020-08-05T09:34:31Z
204,다만 악에서 구하소서,다만 악에서 구하소서 해석,dejVYiHIyUY,아저씨를 추격하는 장첸이랄까.. 💬다만 악에서 구하소서 | 영화 후기,2020-08-05T04:56:06Z
205,다만 악에서 구하소서,다만 악에서 구하소서 의미,25sd7zcuOf0,『다만 악에서 구하소서』 초반부의 스포일러가 포함되어 있는 리뷰,2020-08-10T07:30:12Z
206,다만 악에서 구하소서,다만 악에서 구하소서 의미,PsJs1oCU1kA,영화 리뷰 / [다만 악에서 구하소서],2020-08-06T10:00:11Z
207,반도,반도 영화,Tb2mjJWDgRQ,부산행의 반도 못했습니다  반도 리뷰,2020-07-17T09:00:13Z
208,반도,반도 영화,XeNNKd4WW5s,내 눈앞에 좀비가 너무 예쁘다면? | 강츄 단편영화,2020-07-19T11:00:06Z
209,반도,반도 명장면,L4YzsRJrPGE,반도(PENINSULA. 2020) 영화 예고편 보다 고퀄리티 명장면 패러디 약빤도 (Parody) 영상 | Korean movie | 좀비 영화 | Zombie movie,2020-07-25T04:22:38Z
210,반도,반도 리뷰,iE-f5wqjnKM,한국 좀비 영화사에 길이 남을 형편없는 좀비 영화: 반도 쇼킹한 리뷰,2020-07-18T08:00:10Z
211,반도,반도 리뷰,EAm_vpZPuh0,영화 《반도》 역대급 똥망작 | 솔직한 리뷰,2020-07-16T10:22:43Z
212,반도,반도 해석,7bd-FQmW3OQ,절반도 안되서 뛰쳐나가고 싶었다. 💬반도 | 영화 리뷰,2020-07-15T05:40:00Z
213,반도,반도 해석,7PZeni3R5V0,"영화 ‘반도’ 리뷰, 여러분이 놓쳤을 수도 있는 몇 가지 사실",2020-07-20T09:52:00Z
214,반도,반도 의미,SgPBX8lxLqk,"40살이 된 강동원에게 &#39;반도&#39;가 갖는 의미 : 이정현, 연상호, 이동진 : 영화 &#39;반도 Peninsula&#39; 관객과의 대화 GV talk : 롯데시네마",2020-07-27T13:21:02Z
215,반도,반도 의미,4H8pHcwQCHk,"&#39;631부대&#39; 이름의 의미는? : 강동원, 이정현, 연상호, 이동진 : 영화 &#39;반도 Peninsula&#39; 관객과의 대화 GV 중에서 : 롯데시네마",2020-07-27T11:09:05Z
216,히트맨,히트맨 영화,k5vhOzLzyjU,대한민국이 건강해지는 그날까지 본격 영양 상담 에스더쇼,2020-01-22T07:46:43Z
217,히트맨,히트맨 영화,BdImoD5oxMo,"⚡️ 한국영화 히트맨 정준호, 권상우 주연 영화 시사회 VLOG | 시사회 날에 깜짝 놀랄만한 일이~?😲",2020-01-24T09:19:28Z
218,히트맨,히트맨 리뷰,EvOrZfnDRVY,국정원의 암살요원이 가난한 웹툰 작가가 된 기막힌 사연: 히트맨 리뷰,2020-02-09T11:00:12Z
219,히트맨,히트맨 리뷰,BiCTiHHMO2U,영화 [히트맨] 리뷰,2020-01-23T12:00:02Z
220,히트맨,히트맨 해석,LnpXBwq05Ko,히트맨 _ 🍺영화 리뷰,2020-01-24T02:59:14Z
221,테넷,테넷 영화,Q27Ulalxwbw,사토르보다 위험한 영화 ‘테넷’ 완전 해석,2020-08-29T01:00:05Z
222,테넷,테넷 영화,t6yb8x-XBlE,《테넷》  초등학생도 이해할 수 있게 쉽게 정리한 설명 영상 (스포有 / 어려운 과학이론 다 뺌),2020-08-26T12:32:46Z
223,테넷,테넷 리뷰,yDJa_IQGDeA,[테넷] 극찬 리뷰 스팟,2020-08-26T04:09:39Z
224,테넷,테넷 리뷰,FOQWfthZRac,"[테넷] 해석(분석) 리뷰 / 영화 99% 이해하고, 속시원하게 다 정리함! (과학이론X)",2020-08-29T03:31:53Z
225,테넷,테넷 해석,a8Hpvk5OlGw,[테넷] 해석(분석) 리뷰 -1부- / 영화 99% 이해하고 만든 영상! (과학이론X),2020-08-26T11:17:36Z
226,테넷,테넷 해석,RR8x6Of4sRo,[Full Ver.] &quot;테넷&quot; 랜선 GV 풀 버전! (feat. 이동진 평론가 X 김상욱 물리학자),2020-09-04T10:02:32Z
227,테넷,테넷 의미,GOozQcZ524Y,&#39;테넷 해석&#39; 영화 속 과학 원리 해설 영상ㅣ테넷 엔트로피ㅣ테넷 리뷰ㅣ테넷 해석ㅣ테넷 해설ㅣ테넷 과학ㅣ테넷 설명ㅣ시간의 엔트로피,2020-08-26T05:00:06Z
228,테넷,테넷 의미,Us4xDuS8q-8,팽이에 담긴 놀라운 반전의 의미! | 인셉션과 테넷의 번역 문제 | 영화에 숨겨진 음모 | 인셉션 설명 종결판 | 상징 해설 | 결말 해석 포함 | 영화 리뷰 | 스포주의,2020-09-12T07:39:32Z
229,백두산,백두산 영화,bwzjR-hvj9Q,"(유료광고) 펭수 요원, 폭발을 시켜야만 한다!",2019-12-29T11:00:05Z
230,백두산,백두산 영화,AoNc4CL1dwg,백두산 슈퍼화산의 부활!!!(목소리 지진희)[다큐 인사이트] ㅣ KBS방송,2019-12-20T02:30:02Z
231,백두산,백두산 명장면,gTL9_8-NK7c,※백두산※ 이병헌은 최고의 배우입니다--명대사 명장면 모음.zip,2019-12-31T09:31:46Z
232,백두산,백두산 명장면,W825uO2myf4,백두산 명장면 예고편,2020-01-01T09:24:13Z
233,백두산,백두산 리뷰,2OAN0CwDaOc,2019년 연말 최고의 영화 &#39;백두산&#39;,2019-12-29T11:00:16Z
234,백두산,백두산 리뷰,vBvt8GP53qA,"화려하게 폭발한 270억, 진부하다 못해 어이가 없는 재난영화: 백두산 리뷰",2019-12-22T14:00:12Z
235,백두산,백두산 해석,MRAJOfq7w4c,영화 백두산에 관한 7가지 충격적 사실 총정리,2019-12-26T10:04:43Z
236,백두산,백두산 해석,_Tq6zAf1boM,백두산 _ 🍺영화 리뷰,2019-12-21T03:00:04Z
237,백두산,백두산 의미,F866XEKlqYg,[클로즈업 북한] 끝없는 답사 행렬…‘백두산’ 의미는? / KBS뉴스(News),2019-12-20T23:43:30Z
238,백두산,백두산 의미,v_hCDcCbd5c,[갑.분.한자] #2 &quot;한잘알이랑 영화 백두산 보러 가면 생기는 일..&quot;,2019-12-24T03:31:11Z
239,#살아있다,#살아있다 영화,wm06nhjoAQ8,"그냥 죽지 그랬냐, 좀비 속에서 먹방찍기... 살아있다 리뷰",2020-07-05T03:15:11Z
240,#살아있다,#살아있다 영화,JbUo9nId6hA,아.. 이건 아니잖아... 고민 없이 만든 한국형 좀비영화의 한계: #살아있다 리뷰,2020-06-29T10:00:13Z
241,#살아있다,#살아있다 명장면,_DmnZI_YVNw,고문영의 엄마는 살아있다? 9-10회 미리보기 사이코지만 괜찮아 [8회 리뷰/명대사/명장면],2020-07-14T09:32:38Z
242,#살아있다,#살아있다 리뷰,LRE0y_0-b4E,《살아있다》 개봉 첫날 7000원 내고 보고 왔습니다 (개봉 첫날 가장 빠른 리뷰),2020-06-24T09:06:46Z
243,#살아있다,#살아있다 리뷰,X91urbAr_Zc,『살아있다』 스포일러가 포함되어 있는 리뷰,2020-06-26T06:21:36Z
244,#살아있다,#살아있다 해석,YzS9h3T2bXY,"#살아있다 OST - Sail 1시간,끊김없음",2020-06-30T07:25:32Z
245,#살아있다,#살아있다 해석,s43D3fpmcOo,#살아있다 _ 🍺영화 리뷰,2020-06-24T09:00:13Z
246,#살아있다,#살아있다 의미,_XTuAT6cRR4,영화 속 좀비와 #살아있다 가 의미하는 것 (스포일러 리뷰),2020-06-25T16:10:43Z
247,#살아있다,#살아있다 의미,60ICYLUnTp0,[#살아있다]리뷰:살아있냐고? 보는 내가 죽겠다. 엑시트도 아니고 부산행도 아니고...,2020-06-24T09:30:01Z
248,강철비2: 정상회담,강철비2: 정상회담 영화,URV2vcJkh00,강철비2 개봉기념 원작웹툰 [스틸레인3: 정상회담] 정주행은 카카오페이지에서😎,2020-07-29T05:28:36Z
249,강철비2: 정상회담,강철비2: 정상회담 영화,_AbQJ3xSBbg,[강철비2: 정상회담] 강철 흥행 영상,2020-08-04T08:17:30Z
250,강철비2: 정상회담,강철비2: 정상회담 명장면,HQxypK3Y9NU,오프닝 장면 [강철비2: 정삼회담],2020-08-18T04:18:38Z
251,강철비2: 정상회담,강철비2: 정상회담 명장면,bd0Opc_VvLo,20.08.22. 영화가 좋다 1+1 위험한 만남 - &#39;강철비2 : 정상회담&#39; vs &#39;백두산&#39;,2020-08-22T06:53:14Z
252,강철비2: 정상회담,강철비2: 정상회담 리뷰,s_yz5IjXepw,신파와 정치에 질린 자들을 위한 다만 악에서 구하소서 가이드 리뷰,2020-08-06T10:00:15Z
253,강철비2: 정상회담,강철비2: 정상회담 리뷰,CeBLSN94e2I,저... 여기 통일 환타지 국뽕 한 사발 시키신 분? 강철비 2: 정상회담 리뷰,2020-08-04T09:00:11Z
254,강철비2: 정상회담,강철비2: 정상회담 해석,4JsloznFacQ,미국은 ㅂㅅ만들고 북한은 미화한 영화라고?ㅋㅋ 정말 그럴까? 강철비2 리뷰,2020-08-05T04:52:37Z
255,강철비2: 정상회담,강철비2: 정상회담 해석,DFaQXyZOF70,가라앉는 긴장감. 💬강철비 2 정상회담 | 영화 리뷰,2020-07-30T09:00:11Z
256,담보,담보 영화,pSTRgosiAEY,"됐어, 됐어, 이제 그런 신파는 됐어. 그걸로 족하다고요 제발: 담보 리뷰",2020-10-08T09:00:13Z
257,담보,담보 영화,e59hXFm82Ks,세상에서 제일 사랑스러운 담보 | 담보 (Pawn) [뭅뭅픽:연관검색어] 성동일 김희원 박소이,2020-09-29T09:00:16Z
258,담보,담보 리뷰,-kcLVpXq3pk,눈가 촉촉 감동 담보하는 그 장면! [담보] 4분 하이라이트 영상,2020-10-14T12:34:35Z
259,담보,담보 리뷰,yQQiWO4dNxQ,영화담보리뷰!이영화는완전망해버린영화입니다,2020-09-29T07:58:56Z
260,닥터 두리틀,닥터 두리틀 영화,nIU16OklXNk,[닥터 두리틀] 로다주가 소개하는 &#39;닥터 두리틀&#39; 영상,2020-01-17T07:01:34Z
261,닥터 두리틀,닥터 두리틀 영화,Oue9thQzg8U,"디즈니 공주가 되어버린 아이언맨, 닥터 두리틀 리뷰",2020-01-13T11:51:17Z
262,닥터 두리틀,닥터 두리틀 리뷰,TRVFllYxbxs,"어린이를 위한 귀여운 동화, 로다주의 위태로운 도전: 닥터 두리틀(2020) 리뷰",2020-01-27T13:30:12Z
263,닥터 두리틀,닥터 두리틀 리뷰,HOW2_FyxRN0,영화 [닥터 두리틀] 리뷰,2020-01-09T12:00:07Z
264,닥터 두리틀,닥터 두리틀 해석,5hahgF8hbMs,"[닥터 두리틀 OST] 특별한 사람이 될거에요, Sia - Original (2020) [가사/해석/번역]",2020-01-12T15:56:14Z
265,닥터 두리틀,닥터 두리틀 해석,gVhkPPxBYZM,닥터 두리틀 _ 🍺영화 리뷰,2020-01-09T10:57:24Z
266,삼진그룹 영어토익반,삼진그룹 영어토익반 영화,V-WWobOCpY8,"[EN] 위 캔 두 잇! 삼진그룹 영어토익반 고아성, 이솜, 박혜수의 쇼!터뷰 나들이 《제시의 쇼!터뷰》 EP.20 by 모비딕 Mobidic",2020-10-22T09:30:10Z
267,삼진그룹 영어토익반,삼진그룹 영어토익반 영화,mSCZv0gvSD0,전교1등 수재들을 말단직원으로 뽑아 잡일시켰던 90년대 대기업클라쓰 ㄷㄷ,2020-10-22T09:45:26Z
268,삼진그룹 영어토익반,삼진그룹 영어토익반 명장면,4nFAQBLyLJQ,"삼진그룹 영어토익반 - 고아성, 이솜, 박혜수 주연",2020-10-22T13:27:39Z
269,삼진그룹 영어토익반,삼진그룹 영어토익반 명장면,FSwnW5nQpNk,[삼진그룹 영어토익반 OST M/V]  ZAM - 난 멈추지 않는다  ♪이제 모든걸 다시 시작해~! ♪,2020-10-31T08:43:48Z
270,삼진그룹 영어토익반,삼진그룹 영어토익반 리뷰,auptRuhLhSo,"영화 &#39;삼진그룹 영어토익반&#39;, &#39;종이꽃&#39;에 대한 극과극 후기 &quot;조소를 참을 수가 없었다&quot;vs&quot;감동받아서 오열&quot;  [시네마 지옥 - 10월 23일 금요일 라이브]",2020-10-23T13:00:01Z
271,삼진그룹 영어토익반,삼진그룹 영어토익반 리뷰,PzgjC4sGCR4,위풍당당한 건 좋은데 꼭 손발을 오징어로 만들어야 성에 차나보다: 삼진그룹 영어토익반 리뷰,2020-10-28T08:00:03Z
272,삼진그룹 영어토익반,삼진그룹 영어토익반 해석,uNI3-bzt13k,두산전자 낙동강 페놀 오염 사건. 💬삼진그룹 영어토익반 | 영화 리뷰,2020-10-21T07:22:02Z
273,삼진그룹 영어토익반,삼진그룹 영어토익반 의미,hBzEk2XkzfY,[영화 속 뉴스실화] 삼진그룹 영어토익반ㅣ1991년 낙동강 페놀오염 사건,2020-11-18T07:29:07Z
274,삼진그룹 영어토익반,삼진그룹 영어토익반 의미,mYVJM_oIJ6w,"[삼진그룹 영어토익반] 리뷰 / 오랜만에 모두에게 추천할 수 있는 유쾌, 상쾌, 통쾌한 이야기",2020-10-22T09:00:16Z
275,정직한 후보,정직한 후보 영화,47R6f5rieQQ,각성한 라미란식 코미디의 완성판! 근데 이 영화 어쩐지 익숙하다?: 정직한 후보 리뷰,2020-03-03T08:00:10Z
276,정직한 후보,정직한 후보 영화,MmTLIWshWHU,[정직한 후보 HONEST CANDIDATE] 폭소리뷰 영상,2020-02-14T06:11:42Z
277,정직한 후보,정직한 후보 리뷰,GRNeojaUY-Q,정직한 후보 가이드 리뷰,2020-02-14T09:00:04Z
278,정직한 후보,정직한 후보 리뷰,88yMKL3J5gI,Honest Candidate (2020) 정직한 후보 Movie Review | EONTALK,2020-03-02T06:02:13Z
279,정직한 후보,정직한 후보 의미,JoUYhEhkgpA,아쉬움 끝에 충분히 담아낸 진실과 정직 / 정직한 후보 심층리뷰,2020-02-14T04:17:24Z
280,도굴,도굴 영화,lOHYH_AFzGk,"[EN] 케미요정 배우 이제훈X조우진, 제시 마음까지 &#39;도굴&#39; 하러 옴 《제시의 쇼!터뷰》 EP.23 by 모비딕 Mobidic",2020-11-12T09:30:10Z
281,도굴,도굴 영화,GQluz--p3J0,"내 마음 훔쳐간 천재 도굴꾼😎, 이제훈 모음ZIP [예능맛ZIP/미운우리새끼]",2020-11-05T09:00:05Z
282,도굴,도굴 리뷰,JImTM6IEmvE,강남 한복판 선릉역을 도굴해버리겠다는 대담한 도굴꾼...인데?: 도굴 리뷰,2020-11-12T11:00:12Z
283,도굴,도굴 리뷰,elHwKI14vIM,열심히 삽질했는데 건진 거라곤 흙더미가 전부인 도굴 가이드 리뷰,2020-11-05T10:00:10Z
284,클로젯,클로젯 영화,bvr2MC9h6Mc,동서양 공포 클리셰를 냅다 부어버린 계몽주의적 미스터리 영화: 클로젯 리뷰,2020-02-17T11:30:12Z
285,클로젯,클로젯 영화,ITWWNHwyV7Q,클로젯 가이드 리뷰,2020-02-10T09:00:07Z
286,클로젯,클로젯 리뷰,IQ-w-xTvTJE,클로젯 공포영화인데 하나도 안 무서운 이유 (귀신에 숨겨진 의미 해석),2020-02-08T00:59:29Z
287,클로젯,클로젯 리뷰,1N9cQgPLcjE,하정우에게 실망한 이유 - 클로젯,2020-02-15T09:33:21Z
288,클로젯,클로젯 해석,RVQBLkjlYUY,클로젯 _ 🍺영화 리뷰,2020-02-06T12:31:52Z
289,클로젯,클로젯 해석,Rd8fz27K0E0,벽장에 가둔 방치와 학대 (클로젯) 가이드 리뷰 해석,2020-02-11T11:00:06Z
